Date,Open,High,Low,Close,candlestick_pattern,candlestick_match_count
2016-10-25,264.0,264.549988,260.75,261.450012,NO_PATTERN,0.0
2016-10-26,260.399994,264.850006,256.799988,258.75,NO_PATTERN,0.0
2016-10-27,258.0,258.100006,254.30000299999998,255.399994,NO_PATTERN,0.0
2016-10-28,255.899994,258.799988,254.0,258.0,NO_PATTERN,0.0
2016-11-01,257.0,260.899994,256.5,258.950012,NO_PATTERN,0.0
2016-11-02,254.100006,256.0,250.55000299999998,251.05000299999998,NO_PATTERN,0.0
2016-11-03,251.149994,252.80000299999998,244.850006,245.649994,NO_PATTERN,0.0
2016-11-04,246.25,247.399994,240.30000299999998,242.850006,NO_PATTERN,0.0
2016-11-07,248.0,253.899994,245.5,252.69999700000002,NO_PATTERN,0.0
2016-11-08,253.69999700000002,254.100006,248.649994,252.649994,NO_PATTERN,0.0
2016-11-09,235.0,261.049988,235.0,260.0,CDLBELTHOLD_Bull,2.0
2016-11-10,267.0,284.200012,265.25,281.299988,CDL3OUTSIDE_Bull,1.0
2016-11-11,278.75,288.799988,270.5,273.0,CDLHARAMI_Bear,1.0
2016-11-15,275.149994,283.450012,270.700012,278.200012,CDLSPINNINGTOP_Bull,1.0
2016-11-16,284.0,284.799988,276.149994,277.200012,CDLCLOSINGMARUBOZU_Bear,4.0
2016-11-17,278.0,282.200012,275.600006,277.450012,CDLMATCHINGLOW_Bull,9.0
2016-11-18,278.149994,280.0,274.850006,275.799988,NO_PATTERN,0.0
2016-11-21,277.149994,277.600006,255.850006,257.350006,CDLBELTHOLD_Bear,2.0
2016-11-22,260.799988,262.649994,251.149994,257.350006,CDLMATCHINGLOW_Bull,1.0
2016-11-23,259.799988,260.350006,254.75,258.649994,CDLLONGLEGGEDDOJI_Bull,4.0
2016-11-24,257.799988,263.0,254.55000299999998,261.75,CDLENGULFING_Bull,1.0
2016-11-25,263.5,264.5,258.350006,260.950012,NO_PATTERN,0.0
2016-11-28,253.44999700000002,257.75,248.0,253.55000299999998,CDLRICKSHAWMAN_Bull,5.0
2016-11-29,254.25,256.5,252.0,252.69999700000002,CDLENGULFING_Bear,1.0
2016-11-30,254.0,260.149994,252.69999700000002,258.350006,CDLHIKKAKE_Bear,1.0
2016-12-01,259.649994,261.0,254.649994,255.649994,NO_PATTERN,0.0
2016-12-02,253.94999700000002,261.399994,253.0,254.100006,CDLLONGLEGGEDDOJI_Bull,5.0
2016-12-05,254.399994,257.799988,253.19999700000002,256.899994,NO_PATTERN,0.0
2016-12-06,258.5,260.149994,256.350006,259.100006,CDLRICKSHAWMAN_Bull,5.0
2016-12-07,260.350006,262.75,251.649994,255.600006,CDLENGULFING_Bear,1.0
2016-12-08,258.450012,260.5,258.049988,259.899994,CDLHARAMI_Bull,1.0
2016-12-09,260.799988,267.200012,258.799988,266.649994,CDL3INSIDE_Bull,3.0
2016-12-12,268.899994,269.350006,262.299988,263.649994,CDLDARKCLOUDCOVER_Bear,2.0
2016-12-13,264.899994,266.75,261.549988,266.149994,CDLHARAMI_Bull,1.0
2016-12-14,266.0,266.25,262.299988,262.899994,CDLCLOSINGMARUBOZU_Bear,3.0
2016-12-15,259.899994,267.5,259.0,265.399994,CDLPIERCING_Bull,1.0
2016-12-16,266.350006,266.350006,263.049988,264.75,NO_PATTERN,0.0
2016-12-19,263.350006,264.5,260.850006,261.350006,CDLHIKKAKE_Bull,1.0
2016-12-20,261.850006,262.899994,253.25,254.55000299999998,NO_PATTERN,0.0
2016-12-21,256.100006,258.0,254.100006,255.350006,CDLHOMINGPIGEON_Bull,3.0
2016-12-22,254.25,254.25,248.350006,249.80000299999998,CDLBELTHOLD_Bear,2.0
2016-12-23,249.75,251.80000299999998,247.80000299999998,249.149994,CDLHIGHWAVE_Bear,2.0
2016-12-26,248.0,248.30000299999998,243.600006,244.19999700000002,CDLBELTHOLD_Bear,1.0
2016-12-27,244.600006,249.94999700000002,243.100006,248.75,CDLTASUKIGAP_Bear,1.0
2016-12-28,249.25,252.5,247.149994,247.75,NO_PATTERN,0.0
2016-12-29,247.649994,248.850006,245.5,247.649994,CDLRICKSHAWMAN_Bull,5.0
2016-12-30,247.75,252.30000299999998,247.25,250.19999700000002,NO_PATTERN,0.0
2017-01-02,252.5,253.649994,242.600006,243.600006,CDLENGULFING_Bear,1.0
2017-01-03,244.0,246.399994,241.100006,244.899994,CDLHARAMI_Bull,2.0
2017-01-04,245.80000299999998,246.399994,242.19999700000002,242.899994,CDLENGULFING_Bear,1.0
2017-01-05,245.0,245.899994,243.69999700000002,245.350006,CDLRICKSHAWMAN_Bull,8.0
2017-01-06,246.0,249.0,245.5,245.899994,CDLLONGLEGGEDDOJI_Bull,7.0
2017-01-09,246.399994,248.350006,246.0,247.05000299999998,CDLSHOOTINGSTAR_Bear,1.0
2017-01-10,247.69999700000002,249.0,246.399994,248.30000299999998,CDLSPINNINGTOP_Bull,2.0
2017-01-11,249.649994,253.19999700000002,249.0,252.149994,NO_PATTERN,0.0
2017-01-12,252.899994,254.44999700000002,250.55000299999998,251.25,NO_PATTERN,0.0
2017-01-13,252.0,252.600006,249.100006,250.899994,NO_PATTERN,0.0
2017-01-16,251.05000299999998,256.399994,250.69999700000002,255.75,CDLBELTHOLD_Bull,1.0
2017-01-17,257.450012,258.649994,254.399994,256.0,NO_PATTERN,0.0
2017-01-18,257.100006,259.299988,256.600006,258.350006,NO_PATTERN,0.0
2017-01-19,257.200012,262.0,256.5,258.399994,NO_PATTERN,0.0
2017-01-20,258.5,260.5,250.30000299999998,251.05000299999998,CDLENGULFING_Bear,1.0
2017-01-23,251.0,255.19999700000002,250.100006,254.149994,NO_PATTERN,0.0
2017-01-24,255.100006,257.0,254.0,254.899994,CDLRICKSHAWMAN_Bull,6.0
2017-01-25,255.55000299999998,261.0,254.19999700000002,259.200012,NO_PATTERN,0.0
2017-01-27,260.299988,268.200012,259.5,266.450012,NO_PATTERN,0.0
2017-01-30,265.850006,267.899994,263.399994,263.950012,CDLHARAMI_Bear,1.0
2017-01-31,261.149994,263.850006,259.649994,260.350006,CDLHIKKAKE_Bull,1.0
2017-02-01,262.0,271.899994,261.600006,270.700012,CDLBELTHOLD_Bull,2.0
2017-02-02,271.850006,275.0,268.700012,273.299988,CDLSPINNINGTOP_Bull,1.0
2017-02-03,273.0,278.549988,272.0,277.549988,NO_PATTERN,0.0
2017-02-06,280.0,282.5,276.0,277.049988,NO_PATTERN,0.0
2017-02-07,277.850006,280.0,276.299988,277.899994,CDLRICKSHAWMAN_Bull,5.0
2017-02-08,278.100006,279.25,272.600006,277.200012,CDLSPINNINGTOP_Bear,3.0
2017-02-09,278.799988,280.299988,270.850006,275.850006,CDL3OUTSIDE_Bear,1.0
2017-02-10,278.75,282.799988,275.0,276.350006,NO_PATTERN,0.0
2017-02-13,277.799988,278.25,270.200012,271.649994,CDLBELTHOLD_Bear,1.0
2017-02-14,272.0,273.0,268.100006,270.200012,NO_PATTERN,0.0
2017-02-15,270.950012,272.5,267.049988,268.950012,NO_PATTERN,0.0
2017-02-16,277.0,277.0,269.649994,270.5,CDLBELTHOLD_Bear,1.0
2017-02-17,271.149994,273.649994,267.700012,269.350006,NO_PATTERN,0.0
2017-02-20,269.899994,271.549988,268.0,269.649994,CDLMATCHINGLOW_Bull,6.0
2017-02-21,270.0,271.5,268.649994,270.700012,CDLSPINNINGTOP_Bull,1.0
2017-02-22,271.899994,274.700012,269.5,272.299988,CDLRICKSHAWMAN_Bull,6.0
2017-02-23,271.700012,273.0,269.600006,270.450012,NO_PATTERN,0.0
2017-02-27,270.799988,271.450012,267.600006,268.25,CDLHIKKAKE_Bull,1.0
2017-02-28,268.899994,271.25,268.0,269.200012,CDLRICKSHAWMAN_Bull,7.0
2017-03-01,270.0,273.299988,269.799988,271.75,CDL3INSIDE_Bull,2.0
2017-03-02,273.0,274.700012,266.5,267.299988,CDLHIKKAKE_Bear,2.0
2017-03-03,266.25,268.899994,264.25,265.049988,CDL3OUTSIDE_Bear,1.0
2017-03-06,266.600006,270.350006,266.350006,269.850006,CDLMORNINGSTAR_Bull,2.0
2017-03-07,270.799988,270.899994,266.399994,267.799988,CDLDARKCLOUDCOVER_Bear,2.0
2017-03-08,267.799988,270.299988,266.0,269.899994,CDLCLOSINGMARUBOZU_Bull,1.0
2017-03-09,269.0,273.899994,268.399994,273.25,NO_PATTERN,0.0
2017-03-10,274.5,275.549988,269.5,272.049988,NO_PATTERN,0.0
2017-03-14,278.399994,278.399994,273.799988,274.649994,CDLBELTHOLD_Bear,1.0
2017-03-15,272.649994,280.5,272.649994,277.350006,CDLPIERCING_Bull,2.0
2017-03-16,278.0,280.200012,276.049988,279.299988,NO_PATTERN,0.0
2017-03-17,279.450012,279.5,273.5,274.149994,CDLEVENINGSTAR_Bear,4.0
2017-03-20,274.75,274.75,271.799988,273.899994,CDLMATCHINGLOW_Bull,3.0
2017-03-21,274.399994,277.049988,270.149994,272.350006,CDLSPINNINGTOP_Bear,1.0
2017-03-22,270.299988,271.0,266.799988,267.5,NO_PATTERN,0.0
2017-03-23,269.0,269.399994,266.700012,268.5,CDLLONGLEGGEDDOJI_Bull,4.0
2017-03-24,269.5,278.950012,268.649994,276.5,NO_PATTERN,0.0
2017-03-27,276.0,280.799988,275.200012,279.450012,NO_PATTERN,0.0
2017-03-28,280.649994,282.899994,278.5,282.100006,NO_PATTERN,0.0
2017-03-29,283.149994,289.899994,283.149994,288.450012,CDLBELTHOLD_Bull,1.0
2017-03-30,289.0,293.75,288.850006,291.049988,CDLSHOOTINGSTAR_Bear,1.0
2017-03-31,292.0,295.0,288.5,293.399994,CDLSPINNINGTOP_Bull,1.0
2017-04-03,294.799988,295.700012,292.200012,293.149994,NO_PATTERN,0.0
2017-04-05,293.299988,298.75,289.649994,297.350006,NO_PATTERN,0.0
2017-04-06,295.450012,297.549988,291.450012,292.850006,NO_PATTERN,0.0
2017-04-07,291.700012,294.799988,287.649994,289.450012,CDLHIKKAKE_Bull,1.0
2017-04-10,289.799988,290.350006,286.549988,289.350006,CDLMATCHINGLOW_Bull,7.0
2017-04-11,289.299988,295.149994,288.799988,294.5,CDLBELTHOLD_Bull,2.0
2017-04-12,294.0,295.450012,289.100006,290.149994,NO_PATTERN,0.0
2017-04-13,290.25,293.100006,290.0,291.549988,CDLHARAMI_Bull,1.0
2017-04-17,291.100006,292.75,288.5,289.899994,CDLSPINNINGTOP_Bear,2.0
2017-04-18,291.049988,296.899994,288.399994,290.299988,CDLHIGHWAVE_Bear,2.0
2017-04-19,291.549988,291.75,282.899994,284.049988,CDLBELTHOLD_Bear,1.0
2017-04-20,283.899994,286.899994,282.200012,284.799988,CDLSPINNINGTOP_Bull,1.0
2017-04-21,287.0,287.0,279.25,282.200012,CDLBELTHOLD_Bear,2.0
2017-04-24,283.25,287.850006,280.899994,286.049988,CDLHARAMI_Bull,1.0
2017-04-25,287.5,288.799988,285.0,286.049988,NO_PATTERN,0.0
2017-04-26,287.100006,289.5,283.350006,286.450012,CDLHIGHWAVE_Bear,2.0
2017-04-27,286.450012,287.950012,281.049988,282.049988,NO_PATTERN,0.0
2017-04-28,283.0,290.75,282.5,289.75,CDLBELTHOLD_Bull,1.0
2017-05-02,290.25,292.5,287.100006,288.299988,NO_PATTERN,0.0
2017-05-03,289.399994,293.200012,285.799988,289.799988,CDLRICKSHAWMAN_Bull,5.0
2017-05-04,294.0,300.0,293.100006,299.049988,NO_PATTERN,0.0
2017-05-05,301.0,304.899994,292.149994,296.0,CDLDARKCLOUDCOVER_Bear,1.0
2017-05-08,296.100006,300.75,293.899994,299.399994,CDLHARAMI_Bull,1.0
2017-05-09,300.899994,300.899994,295.25,296.5,CDLBELTHOLD_Bear,2.0
2017-05-10,297.0,298.149994,293.0,294.450012,NO_PATTERN,0.0
2017-05-11,295.899994,299.399994,294.450012,298.100006,NO_PATTERN,0.0
2017-05-12,300.0,302.600006,296.0,297.899994,NO_PATTERN,0.0
2017-05-15,298.399994,302.0,297.5,301.399994,NO_PATTERN,0.0
2017-05-16,302.0,308.399994,299.350006,307.5,CDLHIKKAKE_Bear,1.0
2017-05-17,308.0,308.799988,305.5,307.649994,CDLRICKSHAWMAN_Bull,6.0
2017-05-18,304.850006,307.899994,302.0,302.950012,NO_PATTERN,0.0
2017-05-19,304.450012,315.299988,302.0,308.0,NO_PATTERN,0.0
2017-05-22,308.950012,309.399994,293.200012,294.299988,CDLBELTHOLD_Bear,2.0
2017-05-23,295.0,295.899994,287.25,288.850006,CDL3OUTSIDE_Bear,1.0
2017-05-24,290.049988,290.450012,281.649994,283.149994,CDLBELTHOLD_Bear,1.0
2017-05-25,284.149994,291.350006,283.549988,290.100006,CDLBELTHOLD_Bull,1.0
2017-05-26,290.5,291.0,285.299988,288.450012,NO_PATTERN,0.0
2017-05-29,288.899994,290.850006,283.299988,284.0,CDLHIKKAKE_Bull,1.0
2017-05-30,283.399994,289.75,281.049988,288.850006,NO_PATTERN,0.0
2017-05-31,289.0,291.5,287.200012,288.299988,CDLRICKSHAWMAN_Bull,4.0
2017-06-01,287.950012,291.399994,284.600006,287.450012,CDLRICKSHAWMAN_Bull,5.0
2017-06-02,289.899994,290.5,286.350006,287.049988,NO_PATTERN,0.0
2017-06-05,288.049988,289.75,286.75,287.25,CDLMATCHINGLOW_Bull,1.0
2017-06-06,292.0,292.950012,286.600006,287.299988,CDLMATCHINGLOW_Bull,1.0
2017-06-07,288.200012,291.5,287.200012,290.549988,CDLHARAMI_Bull,1.0
2017-06-08,292.0,292.0,287.75,288.600006,CDLBELTHOLD_Bear,2.0
2017-06-09,288.299988,289.399994,285.799988,288.549988,CDLRICKSHAWMAN_Bull,6.0
2017-06-12,286.75,287.0,284.299988,284.950012,CDLHIKKAKE_Bear,1.0
2017-06-13,285.399994,287.0,283.0,283.850006,NO_PATTERN,0.0
2017-06-14,285.899994,286.299988,282.600006,284.200012,NO_PATTERN,0.0
2017-06-15,283.850006,285.799988,281.350006,284.0,CDLRICKSHAWMAN_Bull,5.0
2017-06-16,284.700012,286.649994,283.25,285.950012,NO_PATTERN,0.0
2017-06-19,286.600006,289.850006,285.299988,288.850006,NO_PATTERN,0.0
2017-06-20,287.600006,291.0,285.600006,290.100006,NO_PATTERN,0.0
2017-06-21,288.25,292.450012,288.25,290.899994,CDLBELTHOLD_Bull,1.0
2017-06-22,291.25,295.899994,291.049988,294.5,CDLBELTHOLD_Bull,1.0
2017-06-23,294.75,295.549988,287.799988,288.950012,CDLENGULFING_Bear,1.0
2017-06-27,289.25,289.450012,276.799988,279.649994,CDL3OUTSIDE_Bear,2.0
2017-06-28,277.600006,278.450012,273.75,276.399994,NO_PATTERN,0.0
2017-06-29,277.149994,279.299988,271.649994,272.450012,NO_PATTERN,0.0
2017-06-30,272.0,274.75,269.700012,273.649994,NO_PATTERN,0.0
2017-07-03,274.100006,275.5,272.549988,274.850006,NO_PATTERN,0.0
2017-07-04,275.0,276.450012,272.049988,273.0,CDLENGULFING_Bear,1.0
2017-07-05,273.899994,275.600006,272.350006,274.899994,NO_PATTERN,0.0
2017-07-06,275.049988,282.700012,274.600006,281.0,CDLBELTHOLD_Bull,2.0
2017-07-07,280.600006,282.399994,279.200012,280.100006,CDLRICKSHAWMAN_Bull,6.0
2017-07-10,284.100006,287.0,283.200012,285.549988,CDLHIKKAKE_Bear,1.0
2017-07-11,287.5,289.700012,283.0,283.549988,CDLCLOSINGMARUBOZU_Bear,2.0
2017-07-12,284.700012,288.399994,283.200012,287.649994,NO_PATTERN,0.0
2017-07-13,288.899994,290.0,286.549988,288.75,CDLRICKSHAWMAN_Bull,7.0
2017-07-14,288.799988,293.600006,287.25,291.600006,NO_PATTERN,0.0
2017-07-17,292.799988,294.100006,289.649994,293.0,CDLRICKSHAWMAN_Bull,6.0
2017-07-18,291.850006,296.399994,290.0,291.0,CDLSPINNINGTOP_Bear,1.0
2017-07-19,291.5,294.0,291.399994,293.299988,NO_PATTERN,0.0
2017-07-20,293.0,294.25,290.049988,290.950012,CDLSTICKSANDWICH_Bull,1.0
2017-07-21,291.049988,292.200012,288.25,290.649994,CDLRICKSHAWMAN_Bull,5.0
2017-07-24,290.799988,296.299988,290.700012,294.549988,CDLBELTHOLD_Bull,1.0
2017-07-25,296.0,297.299988,294.649994,296.100006,CDLRICKSHAWMAN_Bull,6.0
2017-07-26,296.25,299.649994,295.25,295.799988,CDLSPINNINGTOP_Bear,2.0
2017-07-27,297.0,299.850006,296.200012,298.350006,NO_PATTERN,0.0
2017-07-28,297.0,300.75,295.600006,299.100006,CDLGAPSIDESIDEWHITE_Bull,1.0
2017-07-31,299.399994,313.850006,298.0,312.5,NO_PATTERN,0.0
2017-08-01,314.0,314.799988,307.950012,309.0,NO_PATTERN,0.0
2017-08-02,310.0,311.799988,305.299988,307.700012,NO_PATTERN,0.0
2017-08-03,307.0,307.399994,299.100006,300.549988,CDLBELTHOLD_Bear,1.0
2017-08-04,300.299988,306.299988,297.600006,305.25,NO_PATTERN,0.0
2017-08-07,305.799988,311.799988,305.149994,311.200012,CDLBELTHOLD_Bull,3.0
2017-08-08,311.0,311.799988,301.200012,303.649994,CDLXSIDEGAP3METHODS_Bull,1.0
2017-08-09,302.75,307.450012,300.100006,302.299988,CDLRICKSHAWMAN_Bull,6.0
2017-08-10,301.200012,302.399994,292.0,296.700012,NO_PATTERN,0.0
2017-08-11,294.5,303.0,277.450012,280.149994,NO_PATTERN,0.0
2017-08-14,281.450012,282.399994,276.5,278.200012,NO_PATTERN,0.0
2017-08-16,279.049988,283.899994,274.200012,283.100006,NO_PATTERN,0.0
2017-08-17,283.799988,284.700012,280.0,280.850006,NO_PATTERN,0.0
2017-08-18,278.0,279.649994,276.0,278.700012,CDLRICKSHAWMAN_Bull,7.0
2017-08-21,279.0,280.649994,273.350006,274.649994,CDLENGULFING_Bear,1.0
2017-08-22,276.0,277.0,271.200012,273.899994,CDL3OUTSIDE_Bear,1.0
2017-08-23,274.75,279.700012,274.200012,279.0,NO_PATTERN,0.0
2017-08-24,279.700012,281.450012,277.5,280.299988,CDLRICKSHAWMAN_Bull,4.0
2017-08-28,282.100006,282.100006,279.0,279.350006,CDLENGULFING_Bear,1.0
2017-08-29,278.450012,280.850006,276.049988,277.0,CDL3OUTSIDE_Bear,1.0
2017-08-30,278.0,279.25,276.0,276.600006,NO_PATTERN,0.0
2017-08-31,276.850006,279.5,274.200012,277.75,CDLSPINNINGTOP_Bull,1.0
2017-09-01,277.649994,280.399994,276.600006,277.850006,CDLRICKSHAWMAN_Bull,5.0
2017-09-04,278.950012,279.600006,276.399994,277.75,NO_PATTERN,0.0
2017-09-05,278.100006,279.5,275.950012,276.549988,NO_PATTERN,0.0
2017-09-06,275.950012,276.649994,273.649994,274.25,NO_PATTERN,0.0
2017-09-07,275.399994,276.899994,273.100006,274.200012,CDLMATCHINGLOW_Bull,1.0
2017-09-08,274.899994,275.399994,271.100006,271.799988,NO_PATTERN,0.0
2017-09-11,272.600006,273.5,269.549988,270.950012,NO_PATTERN,0.0
2017-09-12,272.0,275.649994,270.5,273.450012,NO_PATTERN,0.0
2017-09-13,274.950012,276.600006,272.5,273.399994,NO_PATTERN,0.0
2017-09-14,273.399994,275.600006,272.299988,274.200012,CDLSPINNINGTOP_Bull,1.0
2017-09-15,270.75,274.5,269.899994,271.5,CDLSPINNINGTOP_Bull,1.0
2017-09-18,273.0,274.0,269.450012,270.399994,CDLENGULFING_Bear,1.0
2017-09-19,270.450012,270.799988,266.450012,267.799988,CDL3OUTSIDE_Bear,2.0
2017-09-20,268.149994,272.049988,267.450012,270.049988,NO_PATTERN,0.0
2017-09-21,269.75,271.399994,267.350006,268.5,CDLHARAMI_Bear,1.0
2017-09-22,267.25,267.399994,261.100006,261.850006,CDL3INSIDE_Bear,2.0
2017-09-25,261.5,261.799988,254.399994,258.75,CDLBELTHOLD_Bear,1.0
2017-09-26,258.5,259.649994,256.0,258.25,CDLRICKSHAWMAN_Bull,6.0
2017-09-27,259.899994,259.899994,249.5,250.399994,CDLBELTHOLD_Bear,1.0
2017-09-28,250.25,253.55000299999998,249.5,252.55000299999998,NO_PATTERN,0.0
2017-09-29,254.69999700000002,255.5,253.05000299999998,253.850006,NO_PATTERN,0.0
2017-10-03,256.399994,256.399994,250.600006,251.30000299999998,CDLBELTHOLD_Bear,1.0
2017-10-04,251.649994,254.649994,251.350006,253.19999700000002,CDLHARAMI_Bull,1.0
2017-10-05,253.69999700000002,254.100006,249.19999700000002,251.600006,CDLHAMMER_Bull,3.0
2017-10-06,252.149994,257.899994,252.100006,256.75,CDLBELTHOLD_Bull,2.0
2017-10-09,256.799988,258.600006,254.25,256.850006,CDLRICKSHAWMAN_Bull,6.0
2017-10-10,256.850006,258.200012,255.69999700000002,256.950012,CDLRICKSHAWMAN_Bull,6.0
2017-10-11,257.149994,258.450012,250.44999700000002,251.75,CDL3LINESTRIKE_Bull,2.0
2017-10-12,252.0,252.94999700000002,248.5,251.19999700000002,CDL3OUTSIDE_Bear,2.0
2017-10-13,251.100006,255.350006,250.19999700000002,252.100006,CDLENGULFING_Bull,1.0
2017-10-16,254.600006,254.69999700000002,250.100006,252.05000299999998,CDLBELTHOLD_Bear,1.0
2017-10-17,252.05000299999998,254.69999700000002,250.649994,251.149994,NO_PATTERN,0.0
2017-10-18,246.0,247.80000299999998,242.55000299999998,243.75,NO_PATTERN,0.0
2017-10-19,243.80000299999998,245.25,241.149994,242.75,CDLSPINNINGTOP_Bear,1.0
2017-10-23,244.0,247.0,242.30000299999998,245.94999700000002,CDLLADDERBOTTOM_Bull,1.0
2017-10-24,246.0,255.30000299999998,245.94999700000002,254.44999700000002,CDLBELTHOLD_Bull,1.0
2017-10-25,279.850006,328.049988,279.850006,324.899994,CDLBELTHOLD_Bull,1.0
2017-10-26,330.0,351.299988,317.5,320.5,NO_PATTERN,0.0
2017-10-27,320.25,323.600006,310.100006,311.049988,CDLCLOSINGMARUBOZU_Bear,1.0
2017-10-30,312.0,322.350006,310.600006,312.0,CDLLONGLEGGEDDOJI_Bull,6.0
2017-10-31,313.0,313.850006,304.299988,305.799988,CDLHIKKAKE_Bull,2.0
2017-11-01,309.399994,321.450012,309.399994,319.850006,CDLBELTHOLD_Bull,1.0
2017-11-02,320.0,323.149994,313.549988,314.350006,NO_PATTERN,0.0
2017-11-03,315.450012,327.5,312.600006,325.0,CDLHIKKAKE_Bull,1.0
2017-11-06,323.600006,330.0,321.450012,329.0,NO_PATTERN,0.0
2017-11-07,328.950012,331.700012,315.5,317.200012,CDLCLOSINGMARUBOZU_Bear,1.0
2017-11-08,318.0,319.299988,306.649994,309.549988,NO_PATTERN,0.0
2017-11-09,313.149994,318.0,308.200012,313.700012,CDLRICKSHAWMAN_Bull,5.0
2017-11-10,315.0,338.5,309.5,333.549988,CDLHIKKAKE_Bear,1.0
2017-11-13,336.75,344.799988,329.75,331.049988,NO_PATTERN,0.0
2017-11-14,330.350006,334.700012,327.5,329.100006,CDLRICKSHAWMAN_Bull,4.0
2017-11-15,328.0,331.149994,322.25,324.950012,NO_PATTERN,0.0
2017-11-16,327.399994,334.200012,323.649994,333.399994,NO_PATTERN,0.0
2017-11-17,345.0,346.700012,336.0,337.5,NO_PATTERN,0.0
2017-11-20,337.100006,337.149994,331.25,333.0,NO_PATTERN,0.0
2017-11-21,335.0,335.399994,330.0,330.649994,NO_PATTERN,0.0
2017-11-22,330.850006,339.649994,327.0,335.299988,NO_PATTERN,0.0
2017-11-23,335.5,336.649994,331.649994,334.950012,CDLRICKSHAWMAN_Bull,7.0
2017-11-24,336.0,337.0,331.5,332.399994,NO_PATTERN,0.0
2017-11-27,329.899994,337.0,328.049988,335.649994,NO_PATTERN,0.0
2017-11-28,336.0,336.700012,331.200012,332.0,NO_PATTERN,0.0
2017-11-29,332.350006,334.850006,327.200012,328.899994,CDLHIKKAKE_Bull,1.0
2017-11-30,325.799988,326.5,318.5,320.350006,CDLBELTHOLD_Bear,1.0
2017-12-01,321.5,322.299988,311.25,312.75,NO_PATTERN,0.0
2017-12-04,314.700012,315.950012,311.149994,313.600006,CDLHOMINGPIGEON_Bull,3.0
2017-12-05,312.5,320.700012,308.799988,319.100006,CDLENGULFING_Bull,1.0
2017-12-06,316.700012,317.399994,311.5,312.399994,NO_PATTERN,0.0
2017-12-07,312.5,317.75,312.450012,316.399994,CDLHIKKAKE_Bear,1.0
2017-12-08,316.600006,318.850006,312.100006,313.100006,NO_PATTERN,0.0
2017-12-11,315.950012,319.299988,315.100006,318.399994,NO_PATTERN,0.0
2017-12-12,317.75,320.5,314.649994,318.450012,CDLRICKSHAWMAN_Bull,5.0
2017-12-13,316.149994,318.950012,311.149994,313.299988,NO_PATTERN,0.0
2017-12-14,314.299988,315.399994,309.5,314.0,CDLLONGLEGGEDDOJI_Bull,4.0
2017-12-15,318.399994,319.350006,311.5,312.25,NO_PATTERN,0.0
2017-12-18,308.0,323.5,300.399994,318.899994,CDLENGULFING_Bull,1.0
2017-12-19,319.450012,322.25,318.399994,319.799988,CDL3OUTSIDE_Bull,7.0
2017-12-20,319.0,319.0,316.5,317.5,CDLHIKKAKE_Bull,1.0
2017-12-21,316.600006,318.200012,315.399994,316.75,CDLRICKSHAWMAN_Bull,5.0
2017-12-22,317.100006,323.850006,316.5,319.850006,CDLSHOOTINGSTAR_Bear,1.0
2017-12-26,318.600006,319.950012,316.299988,317.149994,NO_PATTERN,0.0
2017-12-27,316.5,320.299988,313.049988,314.850006,CDLSPINNINGTOP_Bear,1.0
2017-12-28,315.299988,316.5,307.649994,308.399994,NO_PATTERN,0.0
2017-12-29,310.0,312.0,309.049988,309.899994,CDLHOMINGPIGEON_Bull,8.0
2018-01-01,310.600006,312.75,306.299988,307.100006,NO_PATTERN,0.0
2018-01-02,309.0,309.0,301.350006,303.25,CDLBELTHOLD_Bear,1.0
2018-01-03,305.299988,306.450012,302.149994,302.850006,NO_PATTERN,0.0
2018-01-04,304.5,310.200012,303.149994,308.5,CDLHIKKAKE_Bear,1.0
2018-01-05,311.399994,311.399994,305.600006,306.350006,CDLDARKCLOUDCOVER_Bear,2.0
2018-01-08,307.200012,309.5,305.0,305.799988,NO_PATTERN,0.0
2018-01-09,307.5,309.5,303.299988,304.299988,NO_PATTERN,0.0
2018-01-10,304.649994,305.850006,300.0,301.100006,NO_PATTERN,0.0
2018-01-11,300.899994,303.0,300.0,302.200012,NO_PATTERN,0.0
2018-01-12,304.649994,304.649994,300.549988,302.25,NO_PATTERN,0.0
2018-01-15,303.950012,305.25,301.549988,302.600006,NO_PATTERN,0.0
2018-01-16,302.399994,303.350006,295.299988,296.149994,NO_PATTERN,0.0
2018-01-17,296.0,308.399994,292.600006,307.100006,CDLENGULFING_Bull,1.0
2018-01-18,315.0,317.799988,300.5,303.25,NO_PATTERN,0.0
2018-01-19,303.950012,310.0,302.5,309.25,NO_PATTERN,0.0
2018-01-22,308.350006,308.75,304.049988,306.5,CDLHARAMI_Bear,1.0
2018-01-23,306.399994,320.549988,306.350006,318.100006,CDLBELTHOLD_Bull,4.0
2018-01-24,317.700012,331.600006,316.200012,329.899994,CDL3OUTSIDE_Bull,1.0
2018-01-25,332.75,332.75,311.850006,313.149994,CDLBELTHOLD_Bear,2.0
2018-01-29,313.149994,316.899994,311.0,312.100006,CDLRICKSHAWMAN_Bull,6.0
2018-01-30,312.049988,318.850006,311.0,313.549988,CDLENGULFING_Bull,1.0
2018-01-31,313.0,316.600006,307.850006,313.25,CDLRICKSHAWMAN_Bull,5.0
2018-02-01,316.899994,317.399994,305.0,306.049988,CDLCLOSINGMARUBOZU_Bear,4.0
2018-02-02,302.899994,305.75,295.5,297.350006,CDL3OUTSIDE_Bear,1.0
2018-02-05,292.649994,300.399994,290.0,298.049988,NO_PATTERN,0.0
2018-02-06,285.0,297.299988,282.899994,291.75,NO_PATTERN,0.0
2018-02-07,296.600006,297.899994,290.0,292.799988,NO_PATTERN,0.0
2018-02-08,292.899994,303.299988,292.549988,301.399994,CDLBELTHOLD_Bull,1.0
2018-02-09,297.0,300.600006,295.0,296.399994,CDLRICKSHAWMAN_Bull,7.0
2018-02-12,288.25,292.399994,285.149994,288.75,CDLRICKSHAWMAN_Bull,6.0
2018-02-14,288.700012,288.700012,275.0,276.200012,CDLSEPARATINGLINES_Bear,2.0
2018-02-15,274.799988,282.299988,274.25,278.700012,CDLTHRUSTING_Bear,1.0
2018-02-16,280.5,281.200012,270.049988,271.649994,CDLBELTHOLD_Bear,2.0
2018-02-19,271.5,272.0,256.649994,268.5,CDL3OUTSIDE_Bear,2.0
2018-02-20,269.0,274.200012,264.799988,269.649994,CDLRICKSHAWMAN_Bull,5.0
2018-02-21,272.200012,274.100006,267.399994,273.299988,CDLHANGINGMAN_Bear,1.0
2018-02-22,270.399994,273.600006,269.450012,272.600006,NO_PATTERN,0.0
2018-02-23,273.450012,277.200012,272.5,276.049988,CDLHIKKAKEMOD_Bear,2.0
2018-02-26,280.0,280.0,273.850006,274.450012,CDLCLOSINGMARUBOZU_Bear,3.0
2018-02-27,273.0,275.899994,265.950012,267.600006,CDLHIKKAKEMOD_Bear,2.0
2018-02-28,264.25,269.700012,260.799988,268.0,CDLTHRUSTING_Bear,1.0
2018-03-01,266.299988,270.0,261.25,262.149994,NO_PATTERN,0.0
2018-03-05,260.450012,265.0,258.75,263.5,CDLTHRUSTING_Bear,1.0
2018-03-06,265.850006,266.0,255.0,256.549988,CDLBELTHOLD_Bear,2.0
2018-03-07,255.05000299999998,255.350006,246.05000299999998,246.649994,CDL3OUTSIDE_Bear,4.0
2018-03-08,247.0,257.950012,244.30000299999998,256.799988,CDLXSIDEGAP3METHODS_Bear,1.0
2018-03-09,257.0,257.399994,251.649994,253.25,NO_PATTERN,0.0
2018-03-12,254.100006,255.25,247.25,252.850006,CDLMATCHINGLOW_Bull,2.0
2018-03-13,251.30000299999998,262.399994,249.600006,254.69999700000002,CDLENGULFING_Bull,1.0
2018-03-14,252.5,257.850006,250.0,257.049988,CDL3OUTSIDE_Bull,1.0
2018-03-15,257.0,258.799988,252.55000299999998,253.69999700000002,CDLHIKKAKE_Bear,1.0
2018-03-16,250.649994,255.69999700000002,250.100006,252.30000299999998,CDLINVERTEDHAMMER_Bull,1.0
2018-03-19,252.899994,253.600006,246.100006,247.94999700000002,CDLBELTHOLD_Bear,3.0
2018-03-20,246.850006,252.25,245.350006,249.100006,NO_PATTERN,0.0
2018-03-21,251.75,254.30000299999998,247.100006,248.0,NO_PATTERN,0.0
2018-03-22,247.0,247.350006,240.649994,241.55000299999998,CDLBELTHOLD_Bear,1.0
2018-03-23,237.80000299999998,239.649994,232.350006,234.80000299999998,NO_PATTERN,0.0
2018-03-26,234.75,247.850006,234.25,246.5,CDLMORNINGSTAR_Bull,3.0
2018-03-27,250.0,255.5,248.0,254.350006,CDL3OUTSIDE_Bull,1.0
2018-03-28,252.0,256.200012,248.69999700000002,249.899994,NO_PATTERN,0.0
2018-04-02,251.80000299999998,252.0,244.899994,246.149994,CDLBELTHOLD_Bear,1.0
2018-04-03,249.55000299999998,252.80000299999998,248.25,250.5,CDLHARAMI_Bull,2.0
2018-04-04,251.69999700000002,253.0,245.5,247.30000299999998,CDLENGULFING_Bear,1.0
2018-04-05,252.600006,261.899994,250.0,259.299988,NO_PATTERN,0.0
2018-04-06,259.649994,261.450012,254.850006,259.700012,CDLRICKSHAWMAN_Bull,6.0
2018-04-09,260.649994,262.75,257.600006,260.649994,CDLRICKSHAWMAN_Bull,6.0
2018-04-10,261.100006,265.0,258.5,263.299988,NO_PATTERN,0.0
2018-04-11,263.0,263.0,256.299988,257.049988,CDLCLOSINGMARUBOZU_Bear,3.0
2018-04-12,257.5,257.5,252.25,253.80000299999998,CDLBELTHOLD_Bear,2.0
2018-04-13,254.0,255.94999700000002,249.69999700000002,250.94999700000002,NO_PATTERN,0.0
2018-04-16,249.350006,251.30000299999998,247.100006,249.0,CDLRICKSHAWMAN_Bull,5.0
2018-04-17,251.399994,252.5,246.600006,248.149994,NO_PATTERN,0.0
2018-04-18,249.5,249.899994,245.30000299999998,246.44999700000002,CDLBELTHOLD_Bear,1.0
2018-04-19,247.100006,248.44999700000002,245.19999700000002,246.149994,NO_PATTERN,0.0
2018-04-20,245.850006,245.850006,239.5,241.19999700000002,CDLBELTHOLD_Bear,1.0
2018-04-23,241.899994,244.850006,239.30000299999998,242.44999700000002,CDLHARAMI_Bull,3.0
2018-04-24,242.0,243.399994,239.600006,240.600006,NO_PATTERN,0.0
2018-04-25,239.69999700000002,240.75,236.75,237.19999700000002,CDLHIKKAKE_Bull,1.0
2018-04-26,238.399994,238.80000299999998,232.5,233.19999700000002,CDLBELTHOLD_Bear,1.0
2018-04-27,233.25,245.80000299999998,233.25,242.600006,CDLBELTHOLD_Bull,1.0
2018-04-30,244.80000299999998,249.69999700000002,244.5,246.399994,CDLSHOOTINGSTAR_Bear,2.0
2018-05-02,245.899994,246.30000299999998,239.75,241.0,CDLXSIDEGAP3METHODS_Bull,2.0
2018-05-03,240.94999700000002,243.399994,238.75,241.899994,CDLSPINNINGTOP_Bull,1.0
2018-05-04,243.5,243.899994,240.350006,241.94999700000002,NO_PATTERN,0.0
2018-05-07,242.44999700000002,248.19999700000002,242.05000299999998,246.5,CDLBELTHOLD_Bull,1.0
2018-05-08,248.0,252.600006,244.600006,250.05000299999998,CDLSPINNINGTOP_Bull,1.0
2018-05-09,249.80000299999998,249.80000299999998,246.30000299999998,248.0,NO_PATTERN,0.0
2018-05-10,248.25,250.19999700000002,246.30000299999998,247.94999700000002,CDLMATCHINGLOW_Bull,6.0
2018-05-11,247.600006,251.600006,246.05000299999998,250.350006,CDLENGULFING_Bull,1.0
2018-05-14,249.94999700000002,255.80000299999998,248.149994,253.600006,CDL3OUTSIDE_Bull,1.0
2018-05-15,253.0,257.450012,245.899994,248.0,NO_PATTERN,0.0
2018-05-16,245.5,248.69999700000002,240.600006,243.100006,CDLSPINNINGTOP_Bear,1.0
2018-05-17,244.19999700000002,246.0,241.149994,242.69999700000002,CDLSPINNINGTOP_Bear,1.0
2018-05-18,243.0,244.0,237.850006,238.850006,CDLHIKKAKE_Bull,1.0
2018-05-21,243.55000299999998,245.75,240.30000299999998,244.44999700000002,CDLLADDERBOTTOM_Bull,2.0
2018-05-22,243.649994,259.700012,241.0,253.899994,CDLHIKKAKE_Bull,1.0
2018-05-23,254.649994,269.75,254.30000299999998,263.200012,CDLBELTHOLD_Bull,1.0
2018-05-24,263.850006,269.700012,260.649994,268.5,NO_PATTERN,0.0
2018-05-25,267.799988,268.399994,262.549988,266.950012,CDLLONGLEGGEDDOJI_Bull,6.0
2018-05-28,267.399994,274.200012,266.049988,272.049988,CDLHIKKAKEMOD_Bear,2.0
2018-05-29,270.5,270.950012,262.799988,264.299988,CDLBELTHOLD_Bear,1.0
2018-05-30,260.5,268.0,259.950012,267.149994,CDLTHRUSTING_Bear,4.0
2018-05-31,266.850006,274.799988,263.149994,269.549988,CDLSPINNINGTOP_Bull,1.0
2018-06-01,269.25,269.799988,264.600006,266.700012,NO_PATTERN,0.0
2018-06-04,268.0,268.350006,261.299988,263.0,CDLBELTHOLD_Bear,2.0
2018-06-05,260.899994,265.25,260.899994,263.549988,CDLTHRUSTING_Bear,1.0
2018-06-06,263.0,271.399994,262.200012,270.149994,CDLBELTHOLD_Bull,2.0
2018-06-07,271.049988,272.899994,268.399994,269.649994,NO_PATTERN,0.0
2018-06-08,268.950012,273.899994,267.0,273.0,CDLENGULFING_Bull,1.0
2018-06-11,273.299988,278.399994,273.149994,274.0,CDL3OUTSIDE_Bull,6.0
2018-06-12,274.0,284.399994,274.0,282.850006,CDLBELTHOLD_Bull,1.0
2018-06-13,284.0,289.649994,283.649994,287.700012,NO_PATTERN,0.0
2018-06-14,286.549988,286.549988,281.299988,282.600006,CDLXSIDEGAP3METHODS_Bull,2.0
2018-06-15,282.75,283.450012,276.600006,277.450012,NO_PATTERN,0.0
2018-06-18,278.0,279.75,275.450012,276.850006,CDLSPINNINGTOP_Bear,1.0
2018-06-19,276.0,276.700012,269.75,272.600006,NO_PATTERN,0.0
2018-06-20,273.200012,274.75,271.100006,273.299988,CDLRICKSHAWMAN_Bull,5.0
2018-06-21,274.75,274.75,268.100006,268.649994,CDLCLOSINGMARUBOZU_Bear,4.0
2018-06-22,269.0,273.700012,265.75,273.049988,NO_PATTERN,0.0
2018-06-25,271.850006,273.149994,267.200012,268.450012,NO_PATTERN,0.0
2018-06-26,267.25,271.200012,265.399994,267.399994,CDLRICKSHAWMAN_Bull,6.0
2018-06-27,267.350006,267.350006,261.0,261.700012,CDLSEPARATINGLINES_Bear,2.0
2018-06-28,260.399994,262.0,255.69999700000002,257.0,NO_PATTERN,0.0
2018-06-29,258.25,263.450012,258.200012,259.350006,CDLHARAMI_Bull,1.0
2018-07-02,258.950012,261.75,254.0,258.850006,CDLRICKSHAWMAN_Bull,5.0
2018-07-03,259.600006,260.899994,256.399994,257.5,NO_PATTERN,0.0
2018-07-04,255.75,258.350006,254.5,257.450012,CDLHIKKAKE_Bull,1.0
2018-07-05,257.899994,258.700012,255.149994,256.450012,NO_PATTERN,0.0
2018-07-06,256.100006,260.799988,255.55000299999998,257.200012,NO_PATTERN,0.0
2018-07-09,258.200012,262.399994,257.950012,261.549988,CDLBELTHOLD_Bull,2.0
2018-07-10,263.850006,265.75,262.399994,263.75,CDLRICKSHAWMAN_Bull,6.0
2018-07-11,262.649994,262.649994,257.899994,259.100006,CDLEVENINGSTAR_Bear,3.0
2018-07-12,261.399994,264.5,261.149994,262.75,NO_PATTERN,0.0
2018-07-13,262.100006,262.399994,256.799988,257.75,CDLBELTHOLD_Bear,1.0
2018-07-16,257.0,257.5,251.0,251.600006,NO_PATTERN,0.0
2018-07-17,250.69999700000002,259.850006,250.44999700000002,259.049988,CDLBELTHOLD_Bull,2.0
2018-07-18,260.100006,262.5,256.149994,259.549988,CDL3OUTSIDE_Bull,3.0
2018-07-19,259.399994,263.5,256.200012,260.200012,CDLHIGHWAVE_Bull,3.0
2018-07-20,259.899994,263.0,258.549988,261.5,CDL3OUTSIDE_Bull,1.0
2018-07-23,262.0,267.5,260.600006,266.350006,CDLHIKKAKE_Bear,1.0
2018-07-24,267.200012,269.200012,265.549988,266.850006,CDLRICKSHAWMAN_Bull,6.0
2018-07-25,268.0,272.850006,265.649994,271.850006,NO_PATTERN,0.0
2018-07-26,275.100006,289.399994,274.200012,287.700012,NO_PATTERN,0.0
2018-07-27,289.5,297.0,285.100006,286.75,NO_PATTERN,0.0
2018-07-30,289.200012,299.549988,289.200012,297.399994,CDLSEPARATINGLINES_Bull,2.0
2018-07-31,297.0,302.399994,291.799988,293.5,CDLHARAMI_Bear,1.0
2018-08-01,294.5,298.0,288.350006,295.100006,CDLRICKSHAWMAN_Bull,5.0
2018-08-02,293.0,296.399994,290.549988,293.899994,CDLHIGHWAVE_Bull,2.0
2018-08-03,294.600006,299.950012,294.5,299.25,CDLBELTHOLD_Bull,4.0
2018-08-06,300.600006,311.350006,300.600006,308.5,CDLBELTHOLD_Bull,1.0
2018-08-07,309.850006,311.700012,303.049988,304.049988,NO_PATTERN,0.0
2018-08-08,304.049988,310.899994,303.049988,308.700012,NO_PATTERN,0.0
2018-08-09,312.950012,319.850006,310.149994,317.399994,NO_PATTERN,0.0
2018-08-10,317.649994,326.399994,300.5,304.450012,CDLENGULFING_Bear,1.0
2018-08-13,296.0,302.799988,291.100006,294.149994,CDL3OUTSIDE_Bear,2.0
2018-08-14,296.700012,298.950012,293.350006,294.899994,NO_PATTERN,0.0
2018-08-16,293.5,298.399994,290.25,292.700012,CDLRICKSHAWMAN_Bull,6.0
2018-08-17,295.0,302.700012,294.049988,302.100006,CDLBELTHOLD_Bull,4.0
2018-08-20,304.100006,308.700012,303.600006,307.649994,NO_PATTERN,0.0
2018-08-21,308.299988,308.850006,303.350006,307.0,CDLHANGINGMAN_Bear,1.0
2018-08-23,306.950012,306.950012,298.299988,302.450012,CDLBELTHOLD_Bear,1.0
2018-08-24,300.600006,305.700012,299.0,300.450012,CDLLONGLEGGEDDOJI_Bull,5.0
2018-08-27,304.0,310.350006,303.299988,308.0,CDLMORNINGSTAR_Bull,4.0
2018-08-28,308.049988,310.25,303.399994,305.350006,NO_PATTERN,0.0
2018-08-29,306.799988,312.0,305.75,309.700012,CDLHIKKAKE_Bear,1.0
2018-08-30,309.299988,310.5,306.0,308.600006,CDLHARAMI_Bear,2.0
2018-08-31,307.899994,310.649994,304.549988,309.600006,CDLENGULFING_Bull,1.0
2018-09-03,312.5,312.5,304.799988,306.350006,CDLBELTHOLD_Bear,2.0
2018-09-04,306.799988,307.450012,295.450012,296.399994,CDL3OUTSIDE_Bear,1.0
2018-09-05,296.5,298.850006,290.399994,296.549988,CDLLONGLEGGEDDOJI_Bull,6.0
2018-09-06,298.0,299.850006,294.5,296.450012,CDLSPINNINGTOP_Bear,2.0
2018-09-07,295.899994,295.899994,289.450012,291.649994,CDL3OUTSIDE_Bear,2.0
2018-09-10,290.649994,293.25,283.799988,284.850006,NO_PATTERN,0.0
2018-09-11,287.350006,291.450012,281.649994,282.600006,NO_PATTERN,0.0
2018-09-12,284.0,286.700012,280.0,285.299988,CDLHARAMI_Bull,2.0
2018-09-14,290.100006,291.799988,288.700012,290.649994,CDL3INSIDE_Bull,6.0
2018-09-17,288.5,288.5,284.100006,285.299988,NO_PATTERN,0.0
2018-09-18,285.0,286.899994,272.399994,273.799988,NO_PATTERN,0.0
2018-09-19,275.399994,282.850006,270.5,271.5,NO_PATTERN,0.0
2018-09-21,274.200012,279.450012,253.399994,270.600006,CDLSPINNINGTOP_Bear,1.0
2018-09-24,272.700012,273.0,262.600006,264.350006,CDLBELTHOLD_Bear,1.0
2018-09-25,264.0,272.950012,260.799988,270.899994,CDLHIKKAKE_Bull,1.0
2018-09-26,274.0,274.0,262.75,263.850006,CDLBELTHOLD_Bear,2.0
2018-09-27,264.5,268.600006,263.75,265.350006,CDLLONGLEGGEDDOJI_Bull,5.0
2018-09-28,266.399994,273.5,262.5,265.5,CDLRICKSHAWMAN_Bull,5.0
2018-10-01,265.5,275.200012,264.100006,273.850006,NO_PATTERN,0.0
2018-10-03,273.350006,278.700012,270.600006,271.700012,CDLHARAMI_Bear,1.0
2018-10-04,267.950012,272.700012,265.700012,271.350006,NO_PATTERN,0.0
2018-10-05,271.0,271.0,256.0,258.350006,CDLBELTHOLD_Bear,1.0
2018-10-08,259.75,268.5,258.350006,265.75,NO_PATTERN,0.0
2018-10-09,268.0,268.149994,260.0,262.950012,NO_PATTERN,0.0
2018-10-10,261.600006,280.450012,261.200012,278.649994,CDLBELTHOLD_Bull,3.0
2018-10-11,268.0,271.5,260.600006,262.149994,CDLHARAMI_Bear,1.0
2018-10-12,266.0,267.899994,261.5,263.75,NO_PATTERN,0.0
2018-10-15,264.399994,265.700012,261.100006,263.200012,CDLMATCHINGLOW_Bull,3.0
2018-10-16,264.600006,270.850006,263.350006,270.299988,CDLHIKKAKE_Bull,1.0
2018-10-17,273.75,275.0,260.0,261.149994,CDLENGULFING_Bear,1.0
2018-10-19,259.700012,264.200012,258.100006,261.100006,CDL3OUTSIDE_Bear,2.0
2018-10-22,266.0,266.0,259.450012,260.350006,NO_PATTERN,0.0
2018-10-23,258.0,259.0,255.0,255.649994,NO_PATTERN,0.0
2018-10-24,260.25,261.799988,252.80000299999998,255.69999700000002,CDLMATCHINGLOW_Bull,1.0
2018-10-25,254.5,255.0,248.399994,249.55000299999998,NO_PATTERN,0.0
2018-10-26,252.0,252.5,247.399994,248.100006,NO_PATTERN,0.0
2018-10-29,250.0,269.25,248.399994,267.899994,NO_PATTERN,0.0
2018-10-30,267.5,279.100006,266.0,273.149994,NO_PATTERN,0.0
2018-10-31,275.0,282.75,268.600006,281.399994,NO_PATTERN,0.0
2018-11-01,283.0,289.0,278.850006,285.899994,CDLSPINNINGTOP_Bull,1.0
2018-11-02,287.899994,292.799988,283.200012,285.350006,NO_PATTERN,0.0
2018-11-05,286.450012,300.0,283.5,294.950012,NO_PATTERN,0.0
2018-11-06,296.100006,298.299988,283.899994,286.450012,NO_PATTERN,0.0
2018-11-07,288.899994,288.899994,285.950012,286.549988,CDLMATCHINGLOW_Bull,3.0
2018-11-09,287.0,287.5,282.450012,283.25,CDLHIKKAKE_Bull,1.0
2018-11-12,283.700012,283.700012,276.850006,277.950012,CDLIDENTICAL3CROWS_Bear,1.0
2018-11-13,276.299988,279.700012,273.350006,278.049988,NO_PATTERN,0.0
2018-11-14,280.399994,287.700012,278.0,283.600006,NO_PATTERN,0.0
2018-11-15,283.850006,287.049988,281.149994,285.399994,CDLSPINNINGTOP_Bull,1.0
2018-11-16,285.899994,291.799988,282.600006,290.899994,CDLHIKKAKE_Bear,1.0
2018-11-19,293.5,293.5,286.049988,288.149994,CDLDARKCLOUDCOVER_Bear,2.0
2018-11-20,285.899994,288.549988,282.5,283.450012,NO_PATTERN,0.0
2018-11-21,283.450012,289.549988,283.049988,287.049988,NO_PATTERN,0.0
2018-11-22,285.950012,287.049988,281.600006,282.700012,NO_PATTERN,0.0
2018-11-26,284.100006,287.25,279.600006,286.399994,NO_PATTERN,0.0
2018-11-27,284.600006,290.5,284.049988,289.399994,CDLBELTHOLD_Bull,1.0
2018-11-28,289.399994,292.450012,283.0,284.549988,NO_PATTERN,0.0
2018-11-29,289.299988,289.649994,284.25,286.399994,CDLHOMINGPIGEON_Bull,2.0
2018-11-30,288.799988,290.899994,283.200012,284.649994,NO_PATTERN,0.0
2018-12-03,286.700012,287.899994,283.25,286.799988,CDLRICKSHAWMAN_Bull,7.0
2018-12-04,287.950012,287.950012,281.899994,282.549988,CDLCLOSINGMARUBOZU_Bear,4.0
2018-12-05,282.450012,283.200012,277.049988,280.149994,CDL3OUTSIDE_Bear,1.0
2018-12-06,278.0,279.25,275.100006,275.649994,NO_PATTERN,0.0
2018-12-07,277.0,277.350006,272.100006,275.399994,CDLMATCHINGLOW_Bull,2.0
2018-12-10,271.0,276.399994,270.149994,274.200012,NO_PATTERN,0.0
2018-12-11,268.350006,283.25,268.350006,281.25,CDLBELTHOLD_Bull,1.0
2018-12-12,283.75,285.850006,282.200012,285.25,CDLHANGINGMAN_Bear,1.0
2018-12-13,290.0,294.0,285.75,289.0,CDLHIGHWAVE_Bear,2.0
2018-12-14,288.5,290.799988,287.049988,289.200012,CDLHIGHWAVE_Bull,2.0
2018-12-17,289.299988,291.450012,287.299988,289.5,CDLRICKSHAWMAN_Bull,6.0
2018-12-18,287.850006,294.0,287.0,292.75,NO_PATTERN,0.0
2018-12-19,294.700012,302.0,294.700012,300.700012,CDLBELTHOLD_Bull,1.0
2018-12-20,298.350006,301.649994,293.149994,294.049988,NO_PATTERN,0.0
2018-12-21,293.649994,296.5,290.799988,291.899994,NO_PATTERN,0.0
2018-12-24,293.5,295.0,290.149994,293.049988,CDLRICKSHAWMAN_Bull,5.0
2018-12-26,292.850006,295.0,287.149994,294.149994,CDLENGULFING_Bull,1.0
2018-12-27,296.700012,297.600006,291.5,292.149994,CDLENGULFING_Bear,1.0
2018-12-28,293.600006,297.100006,293.549988,294.799988,CDLHARAMI_Bull,1.0
2018-12-31,297.200012,298.25,295.5,295.899994,CDLHIKKAKE_Bear,1.0
2019-01-01,297.5,300.700012,293.850006,299.600006,NO_PATTERN,0.0
2019-01-02,299.100006,302.5,293.100006,293.899994,NO_PATTERN,0.0
2019-01-03,295.0,295.549988,290.100006,291.100006,CDLBELTHOLD_Bear,2.0
2019-01-04,292.100006,299.0,291.5,297.649994,CDLBELTHOLD_Bull,1.0
2019-01-07,301.049988,301.5,295.200012,296.299988,CDLBELTHOLD_Bear,1.0
2019-01-08,295.799988,306.0,294.75,305.299988,CDLENGULFING_Bull,1.0
2019-01-09,306.0,307.100006,300.75,305.299988,CDLSPINNINGTOP_Bear,1.0
2019-01-10,305.100006,307.5,303.5,305.549988,CDLRICKSHAWMAN_Bull,5.0
2019-01-11,305.399994,306.200012,300.950012,302.75,NO_PATTERN,0.0
2019-01-14,301.0,303.600006,299.549988,300.399994,CDLRICKSHAWMAN_Bull,4.0
2019-01-15,302.0,303.600006,301.100006,301.649994,CDLRICKSHAWMAN_Bull,6.0
2019-01-16,303.0,306.649994,302.100006,303.149994,CDLLONGLEGGEDDOJI_Bull,4.0
2019-01-17,303.899994,304.350006,295.600006,297.399994,CDLBELTHOLD_Bear,2.0
2019-01-18,298.75,299.850006,294.25,294.950012,CDL3OUTSIDE_Bear,1.0
2019-01-21,295.899994,296.75,291.450012,292.450012,NO_PATTERN,0.0
2019-01-22,293.0,293.0,288.200012,290.25,NO_PATTERN,0.0
2019-01-23,290.450012,292.950012,285.5,286.649994,NO_PATTERN,0.0
2019-01-24,286.649994,289.899994,285.5,288.049988,NO_PATTERN,0.0
2019-01-25,289.600006,291.0,283.200012,285.399994,CDLENGULFING_Bear,1.0
2019-01-28,285.649994,286.600006,277.299988,281.600006,CDL3OUTSIDE_Bear,1.0
2019-01-29,281.0,286.0,276.549988,280.600006,CDLRICKSHAWMAN_Bull,6.0
2019-01-30,281.200012,289.399994,280.25,287.450012,CDLMORNINGSTAR_Bull,2.0
2019-01-31,290.0,294.799988,288.0,293.649994,NO_PATTERN,0.0
2019-02-01,296.899994,302.700012,282.0,284.399994,CDLEVENINGSTAR_Bear,2.0
2019-02-04,282.399994,285.200012,277.850006,283.950012,CDL3OUTSIDE_Bear,1.0
2019-02-05,284.200012,287.0,283.0,284.649994,CDLRICKSHAWMAN_Bull,5.0
2019-02-06,285.850006,289.75,283.5,289.049988,NO_PATTERN,0.0
2019-02-07,289.399994,294.0,286.600006,287.399994,NO_PATTERN,0.0
2019-02-08,285.600006,288.0,282.200012,286.0,CDLRICKSHAWMAN_Bull,5.0
2019-02-11,285.950012,285.950012,280.0,280.5,CDLSEPARATINGLINES_Bear,4.0
2019-02-12,280.649994,282.200012,274.649994,275.399994,CDLCLOSINGMARUBOZU_Bear,1.0
2019-02-14,268.0,268.350006,263.649994,267.100006,CDLHAMMER_Bull,1.0
2019-02-15,268.850006,268.850006,261.299988,262.950012,CDLBELTHOLD_Bear,1.0
2019-02-18,264.399994,265.5,258.799988,259.950012,NO_PATTERN,0.0
2019-02-19,260.899994,267.5,260.299988,262.899994,CDLHARAMI_Bull,1.0
2019-02-20,264.5,268.299988,264.299988,267.700012,CDL3INSIDE_Bull,4.0
2019-02-21,270.299988,271.0,267.299988,268.0,NO_PATTERN,0.0
2019-02-22,267.899994,271.899994,267.600006,270.950012,CDLENGULFING_Bull,1.0
2019-02-25,271.299988,271.399994,267.899994,270.149994,NO_PATTERN,0.0
2019-02-26,266.799988,268.200012,263.25,266.350006,CDLRICKSHAWMAN_Bull,6.0
2019-02-27,268.0,272.700012,266.549988,267.649994,CDLLONGLEGGEDDOJI_Bull,4.0
2019-02-28,267.700012,270.799988,267.649994,269.049988,NO_PATTERN,0.0
2019-03-01,270.549988,274.600006,270.100006,272.950012,CDLHIKKAKE_Bear,1.0
2019-03-05,271.700012,277.850006,271.200012,276.450012,NO_PATTERN,0.0
2019-03-06,277.299988,282.549988,276.450012,278.100006,CDLSPINNINGTOP_Bull,1.0
2019-03-07,279.450012,282.5,277.649994,281.75,NO_PATTERN,0.0
2019-03-08,281.850006,284.25,279.600006,281.200012,CDLHIGHWAVE_Bear,3.0
2019-03-11,285.299988,289.0,283.5,287.350006,NO_PATTERN,0.0
2019-03-12,289.200012,289.899994,285.75,286.899994,NO_PATTERN,0.0
2019-03-13,288.100006,294.399994,284.700012,293.149994,NO_PATTERN,0.0
2019-03-14,294.5,294.700012,290.75,291.899994,CDLBELTHOLD_Bear,1.0
2019-03-15,292.600006,301.299988,292.5,298.399994,CDLBELTHOLD_Bull,1.0
2019-03-18,298.899994,300.899994,294.649994,298.950012,CDLRICKSHAWMAN_Bull,6.0
2019-03-19,300.149994,306.600006,299.149994,303.049988,CDLHIKKAKE_Bear,1.0
2019-03-20,302.799988,304.649994,300.049988,303.799988,NO_PATTERN,0.0
2019-03-22,304.299988,306.399994,296.950012,298.049988,CDL3LINESTRIKE_Bull,2.0
2019-03-25,294.0,295.450012,292.200012,294.0,CDLRICKSHAWMAN_Bull,8.0
2019-03-26,294.75,305.0,294.75,303.5,CDLMORNINGSTAR_Bull,3.0
2019-03-27,305.25,310.850006,304.350006,308.799988,NO_PATTERN,0.0
2019-03-28,310.100006,339.649994,309.049988,319.0,NO_PATTERN,0.0
2019-04-01,321.799988,327.649994,321.049988,322.75,CDLSHOOTINGSTAR_Bear,1.0
2019-04-02,323.649994,331.0,322.100006,329.0,CDLHIKKAKE_Bear,1.0
2019-04-03,331.0,332.450012,319.5,320.5,CDLHIKKAKE_Bear,2.0
2019-04-04,321.5,325.75,318.299988,321.799988,CDLRICKSHAWMAN_Bull,7.0
2019-04-05,323.700012,323.700012,315.0,317.049988,CDLBELTHOLD_Bear,2.0
2019-04-08,318.25,319.25,311.100006,312.799988,CDL3OUTSIDE_Bear,2.0
2019-04-09,313.950012,315.700012,308.100006,314.75,CDLLONGLEGGEDDOJI_Bull,7.0
2019-04-10,314.850006,317.049988,310.0,310.899994,CDLENGULFING_Bear,1.0
2019-04-11,311.0,315.399994,308.700012,314.899994,NO_PATTERN,0.0
2019-04-12,314.600006,316.399994,311.200012,315.25,CDLRICKSHAWMAN_Bull,4.0
2019-04-15,315.5,318.700012,313.75,315.600006,CDLRICKSHAWMAN_Bull,5.0
2019-04-16,316.600006,319.399994,314.700012,315.75,CDLSPINNINGTOP_Bear,1.0
2019-04-18,315.799988,315.799988,308.049988,310.799988,CDLBELTHOLD_Bear,1.0
2019-04-22,308.799988,312.299988,306.350006,310.049988,CDLSPINNINGTOP_Bull,1.0
2019-04-23,310.049988,313.75,304.600006,305.25,CDLCLOSINGMARUBOZU_Bear,1.0
2019-04-24,305.850006,311.950012,303.600006,310.75,NO_PATTERN,0.0
2019-04-25,311.0,312.0,305.399994,306.200012,NO_PATTERN,0.0
2019-04-26,306.899994,313.5,306.600006,312.5,CDLBELTHOLD_Bull,1.0
2019-04-30,312.0,312.0,305.0,309.950012,CDLHARAMI_Bear,1.0
2019-05-02,308.049988,311.399994,305.649994,308.149994,CDLRICKSHAWMAN_Bull,5.0
2019-05-03,309.0,311.799988,308.799988,310.0,CDLSHOOTINGSTAR_Bear,2.0
2019-05-06,306.799988,310.299988,305.899994,308.75,NO_PATTERN,0.0
2019-05-07,310.700012,313.399994,303.75,305.450012,CDLHIKKAKE_Bear,2.0
2019-05-08,303.950012,305.299988,296.75,298.25,CDL3OUTSIDE_Bear,1.0
2019-05-09,297.600006,301.0,296.100006,299.299988,NO_PATTERN,0.0
2019-05-10,301.799988,310.75,292.450012,308.049988,NO_PATTERN,0.0
2019-05-13,310.0,314.200012,305.299988,306.899994,NO_PATTERN,0.0
2019-05-14,307.850006,316.75,305.100006,314.649994,NO_PATTERN,0.0
2019-05-15,316.200012,317.899994,311.0,312.100006,NO_PATTERN,0.0
2019-05-16,312.5,317.100006,309.549988,315.75,CDLHARAMI_Bull,1.0
2019-05-17,315.649994,321.950012,313.450012,319.25,CDL3INSIDE_Bull,1.0
2019-05-20,332.0,345.799988,331.0,344.700012,NO_PATTERN,0.0
2019-05-21,345.899994,347.549988,336.25,337.549988,CDLDARKCLOUDCOVER_Bear,1.0
2019-05-22,338.899994,342.600006,333.549988,341.100006,CDLHARAMI_Bull,1.0
2019-05-23,353.0,364.0,339.200012,342.200012,NO_PATTERN,0.0
2019-05-24,344.950012,357.0,343.5,355.350006,NO_PATTERN,0.0
2019-05-27,355.049988,362.5,354.0,361.700012,CDLBELTHOLD_Bull,4.0
2019-05-28,360.950012,361.700012,356.649994,360.049988,CDLLONGLEGGEDDOJI_Bull,7.0
2019-05-29,358.0,359.0,347.149994,348.649994,CDL3INSIDE_Bear,3.0
2019-05-30,349.75,355.0,347.5,353.549988,CDLHARAMI_Bull,1.0
2019-05-31,354.350006,357.899994,344.649994,352.5,CDLSPINNINGTOP_Bear,1.0
2019-06-03,352.350006,356.450012,349.649994,355.450012,CDLENGULFING_Bull,1.0
2019-06-04,354.0,357.200012,351.399994,352.399994,CDLHIKKAKE_Bear,1.0
2019-06-06,349.0,349.600006,335.899994,336.899994,CDLCLOSINGMARUBOZU_Bear,4.0
2019-06-07,337.0,342.75,336.0,342.049988,CDLHARAMI_Bull,1.0
2019-06-10,346.0,347.299988,340.149994,344.299988,CDLHIKKAKE_Bear,1.0
2019-06-11,345.049988,348.299988,342.850006,347.100006,NO_PATTERN,0.0
2019-06-12,346.950012,346.950012,342.299988,344.0,NO_PATTERN,0.0
2019-06-13,343.0,347.450012,339.799988,346.5,NO_PATTERN,0.0
2019-06-14,345.5,346.350006,342.549988,343.799988,NO_PATTERN,0.0
2019-06-17,343.75,343.75,336.950012,337.850006,CDLBELTHOLD_Bear,2.0
2019-06-18,335.5,344.0,333.799988,340.049988,CDLTHRUSTING_Bear,1.0
2019-06-19,343.100006,345.200012,335.5,338.850006,NO_PATTERN,0.0
2019-06-20,341.0,346.25,335.600006,345.149994,NO_PATTERN,0.0
2019-06-21,344.799988,350.700012,343.149994,349.399994,NO_PATTERN,0.0
2019-06-24,350.0,354.75,349.649994,353.200012,NO_PATTERN,0.0
2019-06-25,352.700012,357.0,351.25,356.549988,CDLCLOSINGMARUBOZU_Bull,1.0
2019-06-26,355.75,359.0,354.299988,358.149994,NO_PATTERN,0.0
2019-06-27,358.100006,363.0,357.25,362.149994,NO_PATTERN,0.0
2019-06-28,362.200012,365.0,358.700012,361.25,CDLHIGHWAVE_Bear,2.0
2019-07-01,362.799988,363.0,358.5,361.549988,NO_PATTERN,0.0
2019-07-02,362.149994,365.0,360.350006,364.5,NO_PATTERN,0.0
2019-07-03,365.25,366.700012,363.0,366.149994,CDLHANGINGMAN_Bear,1.0
2019-07-04,367.25,370.899994,366.200012,367.399994,CDLLONGLEGGEDDOJI_Bull,4.0
2019-07-05,369.450012,373.600006,366.0,370.649994,CDLHIGHWAVE_Bull,2.0
2019-07-08,368.0,368.450012,353.5,355.299988,CDLBELTHOLD_Bear,1.0
2019-07-09,353.5,360.0,352.5,359.5,CDLCLOSINGMARUBOZU_Bull,1.0
2019-07-10,360.549988,361.5,351.299988,354.200012,CDLDARKCLOUDCOVER_Bear,1.0
2019-07-11,358.5,364.0,357.0,363.200012,NO_PATTERN,0.0
2019-07-12,363.0,366.549988,361.5,363.600006,CDLRICKSHAWMAN_Bull,5.0
2019-07-15,364.100006,365.0,357.600006,360.049988,CDLENGULFING_Bear,1.0
2019-07-16,358.5,366.0,357.649994,364.350006,CDLENGULFING_Bull,1.0
2019-07-17,364.049988,373.549988,363.049988,372.399994,CDL3OUTSIDE_Bull,1.0
2019-07-18,371.950012,373.799988,362.549988,363.649994,NO_PATTERN,0.0
2019-07-19,365.100006,366.049988,355.149994,356.0,CDLCLOSINGMARUBOZU_Bear,1.0
2019-07-22,356.0,359.549988,348.700012,350.850006,NO_PATTERN,0.0
2019-07-23,351.200012,353.0,341.0,342.200012,NO_PATTERN,0.0
2019-07-24,341.850006,344.700012,336.25,339.600006,CDLSPINNINGTOP_Bear,1.0
2019-07-25,341.700012,343.200012,337.399994,341.299988,CDLRICKSHAWMAN_Bull,5.0
2019-07-26,340.799988,346.149994,340.5,342.600006,CDLHIKKAKE_Bear,2.0
2019-07-29,343.950012,346.549988,336.799988,343.799988,CDL3OUTSIDE_Bull,5.0
2019-07-30,344.399994,346.700012,325.850006,327.549988,CDLHIKKAKE_Bear,1.0
2019-07-31,325.100006,333.200012,323.899994,332.200012,CDLTHRUSTING_Bear,2.0
2019-08-01,330.799988,331.5,311.350006,317.149994,CDLBELTHOLD_Bear,1.0
2019-08-02,315.549988,322.25,307.049988,308.450012,NO_PATTERN,0.0
2019-08-05,298.450012,302.850006,291.700012,300.25,CDLSPINNINGTOP_Bull,1.0
2019-08-06,298.799988,304.25,297.25,301.399994,CDLGAPSIDESIDEWHITE_Bear,1.0
2019-08-07,302.399994,302.450012,288.799988,289.899994,CDLCLOSINGMARUBOZU_Bear,4.0
2019-08-08,290.0,295.5,285.600006,294.350006,CDLHARAMI_Bull,2.0
2019-08-09,296.299988,298.0,290.049988,291.350006,NO_PATTERN,0.0
2019-08-13,290.899994,291.549988,282.5,283.350006,CDLCLOSINGMARUBOZU_Bear,3.0
2019-08-14,285.049988,291.25,284.5,289.75,CDLHARAMI_Bull,1.0
2019-08-16,287.950012,292.799988,284.299988,290.899994,NO_PATTERN,0.0
2019-08-19,292.0,292.399994,286.0,286.850006,CDLENGULFING_Bear,1.0
2019-08-20,287.299988,287.399994,280.649994,283.700012,CDL3OUTSIDE_Bear,2.0
2019-08-21,285.5,285.600006,276.299988,277.399994,CDLBELTHOLD_Bear,1.0
2019-08-22,278.299988,278.299988,267.299988,268.549988,CDLBELTHOLD_Bear,1.0
2019-08-23,267.100006,275.25,262.700012,271.100006,CDLTHRUSTING_Bear,2.0
2019-08-26,288.0,288.0,270.0,280.200012,CDLBELTHOLD_Bear,1.0
2019-08-27,284.0,288.0,282.600006,285.700012,CDLHARAMI_Bull,1.0
2019-08-28,286.649994,286.649994,282.200012,284.899994,CDLHAMMER_Bull,1.0
2019-08-29,283.200012,284.299988,273.299988,274.5,NO_PATTERN,0.0
2019-08-30,275.950012,277.950012,266.850006,273.850006,NO_PATTERN,0.0
2019-09-03,272.0,272.0,266.950012,268.399994,NO_PATTERN,0.0
2019-09-04,269.700012,275.850006,267.25,275.100006,CDLXSIDEGAP3METHODS_Bear,3.0
2019-09-05,275.0,276.350006,271.049988,273.299988,CDLHARAMI_Bear,1.0
2019-09-06,275.049988,277.0,272.100006,273.950012,CDLSPINNINGTOP_Bear,1.0
2019-09-09,273.950012,278.700012,271.0,278.0,CDLCLOSINGMARUBOZU_Bull,1.0
2019-09-11,278.5,285.850006,278.5,285.25,CDLBELTHOLD_Bull,3.0
2019-09-12,286.75,288.799988,284.149994,287.049988,CDLRICKSHAWMAN_Bull,6.0
2019-09-13,285.0,292.5,282.0,291.700012,NO_PATTERN,0.0
2019-09-16,288.200012,290.450012,283.799988,284.700012,NO_PATTERN,0.0
2019-09-17,285.0,286.450012,273.0,273.950012,CDLHIKKAKE_Bull,1.0
2019-09-18,277.200012,282.950012,274.399994,280.399994,CDLHARAMI_Bull,1.0
2019-09-19,279.950012,279.950012,273.049988,274.049988,CDLSTICKSANDWICH_Bull,3.0
2019-09-20,274.5,307.649994,268.399994,301.700012,CDLHIKKAKE_Bull,1.0
2019-09-23,307.549988,316.0,300.399994,313.75,NO_PATTERN,0.0
2019-09-24,313.149994,315.149994,300.799988,302.600006,NO_PATTERN,0.0
2019-09-25,297.0,297.5,278.700012,280.25,CDLBELTHOLD_Bear,2.0
2019-09-26,281.5,289.899994,277.0,281.850006,CDLRICKSHAWMAN_Bull,7.0
2019-09-27,282.700012,286.049988,280.0,281.200012,CDLENGULFING_Bear,1.0
2019-09-30,281.399994,281.850006,270.149994,270.799988,CDL3OUTSIDE_Bear,5.0
2019-10-01,272.75,275.5,245.55000299999998,255.94999700000002,NO_PATTERN,0.0
2019-10-03,254.0,260.700012,250.100006,254.149994,CDLRICKSHAWMAN_Bull,6.0
2019-10-04,258.5,260.5,248.55000299999998,249.94999700000002,CDLHIKKAKE_Bull,2.0
2019-10-07,251.5,253.399994,246.850006,249.100006,CDL3OUTSIDE_Bear,1.0
2019-10-09,250.100006,262.0,244.350006,260.950012,CDLCLOSINGMARUBOZU_Bull,2.0
2019-10-10,258.0,258.0,252.600006,254.149994,CDLHARAMI_Bear,1.0
2019-10-11,256.200012,261.399994,251.5,254.55000299999998,CDLMATCHINGLOW_Bull,2.0
2019-10-14,256.950012,259.399994,254.0,255.44999700000002,NO_PATTERN,0.0
2019-10-15,256.450012,259.899994,254.80000299999998,258.450012,CDLHIKKAKE_Bear,1.0
2019-10-16,259.299988,261.950012,255.0,256.049988,CDLENGULFING_Bear,1.0
2019-10-17,256.399994,266.0,255.600006,265.450012,CDLBELTHOLD_Bull,3.0
2019-10-18,264.399994,271.350006,263.200012,269.649994,NO_PATTERN,0.0
2019-10-22,270.399994,275.0,268.5,270.5,CDLRICKSHAWMAN_Bull,7.0
2019-10-23,270.75,277.799988,268.649994,275.450012,NO_PATTERN,0.0
2019-10-24,276.0,277.649994,248.649994,262.5,CDL3LINESTRIKE_Bull,2.0
2019-10-25,265.799988,284.149994,263.549988,281.549988,NO_PATTERN,0.0
2019-10-27,,,,,NO_PATTERN,0.0
2019-10-29,283.149994,285.0,278.549988,280.649994,NO_PATTERN,0.0
2019-10-30,283.0,291.0,279.25,289.899994,NO_PATTERN,0.0
2019-10-31,293.350006,317.799988,292.75,312.399994,NO_PATTERN,0.0
2019-11-01,312.399994,315.0,308.600006,313.549988,NO_PATTERN,0.0
2019-11-04,316.0,319.0,312.350006,314.299988,CDLHIKKAKE_Bear,1.0
2019-11-05,313.899994,322.0,312.799988,319.200012,CDLENGULFING_Bull,1.0
2019-11-06,318.950012,318.950012,314.0,317.549988,NO_PATTERN,0.0
2019-11-07,318.25,323.299988,316.799988,318.149994,CDLHIKKAKE_Bear,1.0
2019-11-08,316.200012,321.0,314.5,316.0,NO_PATTERN,0.0
2019-11-11,314.700012,319.649994,313.100006,318.25,CDLENGULFING_Bull,1.0
2019-11-13,316.049988,318.600006,305.649994,306.799988,CDLHIKKAKE_Bear,1.0
2019-11-14,306.950012,309.5,299.700012,306.0,NO_PATTERN,0.0
2019-11-15,312.0,323.700012,310.049988,321.899994,NO_PATTERN,0.0
2019-11-18,324.0,329.850006,323.75,325.100006,NO_PATTERN,0.0
2019-11-19,325.799988,331.799988,322.100006,330.399994,NO_PATTERN,0.0
2019-11-20,332.0,332.5,325.100006,328.799988,NO_PATTERN,0.0
2019-11-21,329.25,332.850006,326.549988,331.350006,NO_PATTERN,0.0
2019-11-22,331.450012,333.799988,328.25,329.299988,NO_PATTERN,0.0
2019-11-25,329.0,337.5,328.350006,336.100006,CDLENGULFING_Bull,1.0
2019-11-26,338.0,340.0,332.600006,335.5,NO_PATTERN,0.0
2019-11-27,335.950012,345.549988,334.049988,343.549988,NO_PATTERN,0.0
2019-11-28,346.850006,351.0,344.5,349.299988,NO_PATTERN,0.0
2019-11-29,348.850006,348.850006,340.600006,341.850006,CDLXSIDEGAP3METHODS_Bull,1.0
2019-12-02,343.899994,344.350006,336.200012,338.5,NO_PATTERN,0.0
2019-12-03,341.0,342.950012,333.350006,336.25,NO_PATTERN,0.0
2019-12-04,334.100006,342.950012,331.850006,341.850006,CDLENGULFING_Bull,1.0
2019-12-05,343.0,344.600006,335.149994,336.200012,NO_PATTERN,0.0
2019-12-06,336.700012,337.649994,318.0,320.0,NO_PATTERN,0.0
2019-12-09,318.950012,327.649994,314.75,316.700012,NO_PATTERN,0.0
2019-12-10,317.200012,322.649994,312.25,313.399994,NO_PATTERN,0.0
2019-12-11,311.200012,315.75,308.0,312.799988,NO_PATTERN,0.0
2019-12-12,314.0,322.950012,313.549988,321.850006,NO_PATTERN,0.0
2019-12-13,325.200012,333.450012,325.0,332.549988,NO_PATTERN,0.0
2019-12-16,335.950012,337.25,330.799988,331.850006,NO_PATTERN,0.0
2019-12-17,333.25,335.75,330.649994,332.899994,NO_PATTERN,0.0
2019-12-18,335.0,335.549988,325.799988,326.950012,NO_PATTERN,0.0
2019-12-19,327.350006,329.600006,324.5,328.149994,NO_PATTERN,0.0
2019-12-20,330.350006,339.5,330.350006,337.850006,NO_PATTERN,0.0
2019-12-23,335.700012,338.850006,330.350006,332.399994,NO_PATTERN,0.0
2019-12-24,333.200012,334.200012,329.200012,331.450012,NO_PATTERN,0.0
2019-12-26,333.0,333.450012,328.100006,329.850006,NO_PATTERN,0.0
2019-12-27,333.399994,338.350006,333.0,337.25,NO_PATTERN,0.0
2019-12-30,337.75,337.850006,332.5,334.399994,NO_PATTERN,0.0
2019-12-31,334.399994,336.350006,332.549988,333.75,NO_PATTERN,0.0
2020-01-01,334.700012,335.950012,332.149994,334.450012,CDLHIKKAKE_Bull,1.0
2020-01-02,334.5,339.850006,333.350006,339.299988,CDLHIKKAKE_Bull,1.0
2020-01-03,337.950012,337.950012,332.0,333.700012,NO_PATTERN,0.0
2020-01-06,331.700012,331.700012,317.700012,319.0,NO_PATTERN,0.0
2020-01-07,324.450012,327.0,315.399994,318.399994,NO_PATTERN,0.0
2020-01-08,312.100006,321.5,311.0,319.799988,NO_PATTERN,0.0
2020-01-09,326.899994,331.399994,325.0,330.200012,NO_PATTERN,0.0
2020-01-10,331.0,337.950012,328.100006,332.25,NO_PATTERN,0.0
2020-01-13,334.0,335.450012,329.049988,330.75,CDLENGULFING_Bear,1.0
2020-01-14,329.799988,331.700012,326.5,328.0,CDL3OUTSIDE_Bear,2.0
2020-01-15,329.0,329.200012,322.350006,324.25,NO_PATTERN,0.0
2020-01-16,324.0,326.899994,322.350006,323.299988,NO_PATTERN,0.0
2020-01-17,313.0,323.5,310.100006,318.0,NO_PATTERN,0.0
2020-01-20,321.0,321.450012,313.399994,314.0,NO_PATTERN,0.0
2020-01-21,313.799988,316.950012,312.0,313.700012,CDLHIKKAKE_Bull,1.0
2020-01-22,317.0,317.0,313.700012,316.149994,NO_PATTERN,0.0
2020-01-23,316.0,324.799988,314.149994,323.200012,CDLENGULFING_Bull,2.0
2020-01-24,323.5,327.299988,321.149994,324.049988,CDL3OUTSIDE_Bull,1.0
2020-01-27,320.899994,322.0,315.799988,316.200012,NO_PATTERN,0.0
2020-01-28,317.950012,320.0,311.049988,315.100006,NO_PATTERN,0.0
2020-01-29,317.850006,319.700012,315.549988,316.450012,NO_PATTERN,0.0
2020-01-30,316.75,316.75,305.649994,310.700012,CDLHIKKAKE_Bull,1.0
2020-01-31,313.700012,321.700012,308.600006,318.450012,NO_PATTERN,0.0
2020-02-03,303.0,306.850006,295.350006,298.100006,NO_PATTERN,0.0
2020-02-04,302.899994,307.549988,297.100006,306.25,NO_PATTERN,0.0
2020-02-05,306.899994,313.649994,304.600006,311.0,NO_PATTERN,0.0
2020-02-06,311.200012,323.5,310.100006,321.950012,NO_PATTERN,0.0
2020-02-07,321.5,325.0,318.399994,320.549988,NO_PATTERN,0.0
2020-02-10,319.799988,322.799988,316.5,318.5,NO_PATTERN,0.0
2020-02-11,321.049988,325.799988,321.049988,324.350006,NO_PATTERN,0.0
2020-02-12,329.899994,329.899994,319.25,320.200012,CDLENGULFING_Bear,1.0
2020-02-13,322.0,330.950012,322.0,327.450012,NO_PATTERN,0.0
2020-02-14,328.100006,331.899994,318.549988,319.399994,CDLENGULFING_Bear,1.0
2020-02-17,320.950012,321.149994,311.649994,314.200012,CDL3OUTSIDE_Bear,1.0
2020-02-18,315.399994,319.200012,309.399994,317.549988,NO_PATTERN,0.0
2020-02-19,322.299988,324.0,317.25,320.350006,NO_PATTERN,0.0
2020-02-20,319.350006,329.200012,318.75,327.649994,CDLENGULFING_Bull,1.0
2020-02-24,325.75,331.299988,321.850006,322.950012,NO_PATTERN,0.0
2020-02-25,325.899994,328.149994,322.200012,326.799988,NO_PATTERN,0.0
2020-02-26,324.850006,330.799988,324.200012,328.200012,CDLHIKKAKE_Bear,1.0
2020-02-27,328.0,330.0,318.0,321.950012,CDLHIKKAKE_Bear,1.0
2020-02-28,312.0,314.649994,301.100006,303.0,NO_PATTERN,0.0
2020-03-02,311.0,312.0,284.049988,287.399994,NO_PATTERN,0.0
2020-03-03,293.0,294.399994,285.299988,289.850006,NO_PATTERN,0.0
2020-03-04,291.799988,293.0,275.100006,285.299988,CDLHIKKAKE_Bull,1.0
2020-03-05,290.899994,298.399994,270.0,288.5,NO_PATTERN,0.0
2020-03-06,268.0,274.399994,253.94999700000002,270.5,NO_PATTERN,0.0
2020-03-09,260.049988,262.75,251.149994,253.44999700000002,NO_PATTERN,0.0
2020-03-11,253.0,258.5,243.100006,245.100006,NO_PATTERN,0.0
2020-03-12,231.899994,231.899994,208.600006,212.600006,NO_PATTERN,0.0
2020-03-13,200.0,248.80000299999998,184.649994,242.0,CDLENGULFING_Bull,1.0
2020-03-16,227.899994,231.399994,220.600006,223.350006,NO_PATTERN,0.0
2020-03-17,227.19999700000002,229.899994,212.05000299999998,215.149994,CDLHIKKAKE_Bull,1.0
2020-03-18,221.0,223.149994,200.100006,215.19999700000002,NO_PATTERN,0.0
2020-03-19,202.949997,219.75,198.149994,203.649994,NO_PATTERN,0.0
2020-03-20,205.550003,215.69999700000002,200.0,209.850006,NO_PATTERN,0.0
2020-03-23,190.0,199.5,180.25,181.600006,CDLHIKKAKE_Bull,1.0
2020-03-24,190.949997,191.949997,173.550003,183.199997,NO_PATTERN,0.0
2020-03-25,178.0,195.25,176.449997,189.899994,NO_PATTERN,0.0
2020-03-26,191.550003,201.0,185.100006,192.75,NO_PATTERN,0.0
2020-03-27,202.0,211.899994,195.0,195.949997,NO_PATTERN,0.0
2020-03-30,190.0,195.0,186.25,186.899994,NO_PATTERN,0.0
2020-03-31,192.0,198.5,188.050003,196.850006,NO_PATTERN,0.0
2020-04-01,194.0,194.5,185.25,186.550003,NO_PATTERN,0.0
2020-04-03,187.550003,188.199997,175.0,175.5,NO_PATTERN,0.0
2020-04-07,184.399994,187.300003,177.600006,186.399994,NO_PATTERN,0.0
2020-04-08,182.899994,194.399994,180.449997,183.0,CDLHIKKAKE_Bear,1.0
2020-04-09,188.0,190.0,183.600006,187.75,NO_PATTERN,0.0
2020-04-13,186.800003,188.699997,183.100006,183.5,CDLHIKKAKE_Bull,1.0
2020-04-15,187.0,191.949997,180.149994,182.350006,NO_PATTERN,0.0
2020-04-16,182.0,189.899994,180.25,188.5,CDLENGULFING_Bull,1.0
2020-04-17,196.0,198.0,186.300003,193.25,CDL3OUTSIDE_Bull,2.0
2020-04-20,194.0,197.350006,190.050003,192.5,NO_PATTERN,0.0
2020-04-21,188.0,188.199997,183.0,184.75,CDLHIKKAKE_Bull,1.0
2020-04-22,185.5,189.5,181.350006,188.699997,NO_PATTERN,0.0
2020-04-23,187.75,189.899994,185.149994,186.699997,NO_PATTERN,0.0
2020-04-24,184.0,184.0,179.0,179.75,NO_PATTERN,0.0
2020-04-27,183.5,183.5,180.5,180.899994,NO_PATTERN,0.0
2020-04-28,182.0,185.350006,181.199997,184.300003,CDLHIKKAKE_Bear,1.0
2020-04-29,185.0,191.800003,183.5,190.100006,NO_PATTERN,0.0
2020-04-30,193.5,195.899994,189.699997,190.5,NO_PATTERN,0.0
2020-05-04,182.449997,183.5,178.0,178.850006,CDLHIKKAKE_Bear,1.0
2020-05-05,181.0,181.25,168.800003,170.399994,NO_PATTERN,0.0
2020-05-06,171.149994,173.300003,166.550003,171.100006,NO_PATTERN,0.0
2020-05-07,170.850006,172.550003,168.800003,170.75,NO_PATTERN,0.0
2020-05-08,172.449997,173.800003,166.100006,166.649994,NO_PATTERN,0.0
2020-05-11,167.949997,168.899994,165.0,165.449997,NO_PATTERN,0.0
2020-05-12,164.199997,168.5,160.850006,166.899994,NO_PATTERN,0.0
2020-05-13,178.550003,178.550003,170.5,174.100006,NO_PATTERN,0.0
2020-05-14,170.949997,171.75,167.5,167.949997,NO_PATTERN,0.0
2020-05-15,167.949997,168.25,164.699997,166.399994,NO_PATTERN,0.0
2020-05-18,166.399994,166.399994,155.0,155.300003,NO_PATTERN,0.0
2020-05-19,157.5,157.850006,152.399994,152.800003,NO_PATTERN,0.0
2020-05-20,153.0,155.25,151.149994,153.399994,NO_PATTERN,0.0
2020-05-21,153.649994,156.149994,151.5,151.949997,CDLENGULFING_Bear,1.0
2020-05-22,152.0,155.600006,149.449997,150.850006,CDL3OUTSIDE_Bear,1.0
2020-05-26,152.399994,153.199997,150.199997,151.399994,NO_PATTERN,0.0
2020-05-27,151.949997,160.800003,150.800003,158.600006,CDLHIKKAKE_Bear,1.0
2020-05-28,159.449997,162.399994,156.699997,158.199997,NO_PATTERN,0.0
2020-05-29,156.100006,161.899994,155.199997,161.300003,CDLENGULFING_Bull,1.0
2020-06-01,164.0,171.399994,163.350006,170.050003,CDL3OUTSIDE_Bull,1.0
2020-06-02,169.899994,171.300003,167.199997,170.25,NO_PATTERN,0.0
2020-06-03,172.5,179.899994,172.0,174.899994,CDLHIKKAKE_Bear,1.0
2020-06-04,174.899994,177.649994,171.5,174.050003,NO_PATTERN,0.0
2020-06-05,176.550003,189.800003,176.0,187.800003,NO_PATTERN,0.0
2020-06-08,197.0,197.5,185.800003,186.800003,NO_PATTERN,0.0
2020-06-09,187.699997,191.0,183.350006,184.449997,NO_PATTERN,0.0
2020-06-10,184.550003,189.0,183.800003,187.699997,NO_PATTERN,0.0
2020-06-11,188.0,190.399994,176.350006,177.149994,CDLENGULFING_Bear,1.0
2020-06-12,170.0,180.0,169.800003,179.149994,NO_PATTERN,0.0
2020-06-15,177.850006,177.850006,172.0,173.699997,NO_PATTERN,0.0
2020-06-16,178.0,178.949997,169.399994,172.899994,NO_PATTERN,0.0
2020-06-17,171.0,176.199997,169.25,172.949997,NO_PATTERN,0.0
2020-06-18,172.399994,180.649994,171.100006,179.649994,NO_PATTERN,0.0
2020-06-19,180.300003,184.949997,179.5,184.5,NO_PATTERN,0.0
2020-06-22,185.0,191.75,184.25,187.699997,NO_PATTERN,0.0
2020-06-23,189.600006,193.100006,187.850006,192.449997,NO_PATTERN,0.0
2020-06-24,194.800003,194.899994,183.899994,184.600006,CDLENGULFING_Bear,1.0
2020-06-25,182.199997,186.800003,180.399994,185.25,NO_PATTERN,0.0
2020-06-26,188.0,188.600006,183.800003,184.600006,NO_PATTERN,0.0
2020-06-29,183.0,183.100006,178.5,179.25,NO_PATTERN,0.0
2020-06-30,181.100006,182.899994,177.25,178.449997,NO_PATTERN,0.0
2020-07-01,179.449997,185.399994,178.600006,184.800003,NO_PATTERN,0.0
2020-07-02,185.649994,188.0,184.0,185.449997,NO_PATTERN,0.0
2020-07-03,186.649994,186.850006,183.399994,184.699997,NO_PATTERN,0.0
2020-07-06,186.600006,189.850006,186.149994,188.050003,NO_PATTERN,0.0
2020-07-07,187.0,189.199997,184.050003,188.600006,NO_PATTERN,0.0
2020-07-08,188.899994,197.449997,188.399994,191.899994,NO_PATTERN,0.0
2020-07-09,192.800003,201.0,192.550003,199.100006,NO_PATTERN,0.0
2020-07-10,198.0,202.5,194.800003,195.600006,NO_PATTERN,0.0
2020-07-13,198.800003,199.800003,191.600006,192.699997,NO_PATTERN,0.0
2020-07-14,192.300003,192.300003,184.600006,186.050003,NO_PATTERN,0.0
2020-07-15,187.949997,189.949997,183.0,183.800003,NO_PATTERN,0.0
2020-07-16,185.0,186.949997,181.649994,186.25,NO_PATTERN,0.0
2020-07-17,186.800003,189.5,185.0,188.199997,NO_PATTERN,0.0
2020-07-20,190.0,193.25,188.75,190.75,NO_PATTERN,0.0
2020-07-21,192.449997,196.199997,191.5,194.399994,NO_PATTERN,0.0
2020-07-22,195.699997,196.75,190.100006,192.0,CDLENGULFING_Bear,1.0
2020-07-23,192.399994,199.100006,191.149994,198.25,NO_PATTERN,0.0
2020-07-24,195.699997,196.300003,190.649994,191.949997,NO_PATTERN,0.0
2020-07-27,193.0,193.199997,186.5,187.149994,NO_PATTERN,0.0
2020-07-28,188.0,190.5,185.75,189.449997,NO_PATTERN,0.0
2020-07-29,187.600006,195.25,187.0,191.199997,NO_PATTERN,0.0
2020-07-30,192.5,193.5,186.050003,186.550003,CDLENGULFING_Bear,1.0
2020-07-31,188.0,194.850006,186.699997,191.449997,NO_PATTERN,0.0
2020-08-03,192.0,194.600006,190.050003,192.25,NO_PATTERN,0.0
2020-08-04,193.350006,193.800003,190.5,191.600006,CDLENGULFING_Bear,1.0
2020-08-05,192.75,196.850006,191.0,191.449997,CDL3OUTSIDE_Bear,2.0
2020-08-06,192.300003,194.5,190.25,190.949997,NO_PATTERN,0.0
2020-08-07,191.449997,192.100006,189.550003,190.649994,NO_PATTERN,0.0
2020-08-10,191.850006,195.5,191.699997,193.800003,NO_PATTERN,0.0
2020-08-11,195.0,196.800003,193.75,195.050003,NO_PATTERN,0.0
2020-08-12,196.0,204.25,194.600006,203.300003,NO_PATTERN,0.0
2020-08-13,205.5,207.300003,200.75,201.899994,NO_PATTERN,0.0
2020-08-14,203.0,204.0,194.600006,196.5,NO_PATTERN,0.0
2020-08-17,198.449997,198.649994,191.5,193.100006,NO_PATTERN,0.0
2020-08-18,193.800003,195.75,191.699997,195.100006,NO_PATTERN,0.0
2020-08-19,196.399994,200.300003,195.899994,197.050003,CDLHIKKAKE_Bear,1.0
2020-08-20,194.0,196.350006,193.25,194.75,NO_PATTERN,0.0
2020-08-21,199.0,201.5,197.649994,198.399994,NO_PATTERN,0.0
2020-08-24,200.0,202.800003,198.600006,201.449997,NO_PATTERN,0.0
2020-08-25,204.0,208.449997,202.699997,207.949997,NO_PATTERN,0.0
2020-08-26,208.5,210.350006,206.149994,209.850006,NO_PATTERN,0.0
2020-08-27,210.5,216.5,210.5,215.649994,NO_PATTERN,0.0
2020-08-28,217.0,225.899994,216.80000299999998,224.850006,NO_PATTERN,0.0
2020-08-31,231.55000299999998,231.55000299999998,210.350006,212.0,CDLENGULFING_Bear,1.0
2020-09-01,213.100006,218.899994,211.19999700000002,218.100006,NO_PATTERN,0.0
2020-09-02,218.25,219.0,212.30000299999998,216.25,CDLHIKKAKE_Bear,1.0
2020-09-03,217.5,218.25,212.30000299999998,213.149994,NO_PATTERN,0.0
2020-09-04,210.0,212.30000299999998,205.899994,206.600006,CDLHIKKAKE_Bear,1.0
2020-09-07,207.5,209.649994,205.399994,207.899994,NO_PATTERN,0.0
2020-09-08,207.899994,208.5,202.899994,204.050003,NO_PATTERN,0.0
2020-09-09,201.100006,201.399994,192.5,194.850006,NO_PATTERN,0.0
2020-09-10,197.699997,201.449997,195.199997,198.149994,NO_PATTERN,0.0
2020-09-11,198.550003,203.850006,197.0,202.699997,NO_PATTERN,0.0
2020-09-14,205.899994,206.199997,197.350006,198.5,CDLENGULFING_Bear,1.0
2020-09-15,199.899994,201.0,197.100006,200.149994,NO_PATTERN,0.0
2020-09-16,199.850006,200.050003,196.25,198.199997,NO_PATTERN,0.0
2020-09-17,197.0,198.0,195.0,195.449997,NO_PATTERN,0.0
2020-09-18,196.0,197.199997,189.699997,192.600006,NO_PATTERN,0.0
2020-09-21,193.050003,193.5,184.25,185.800003,NO_PATTERN,0.0
2020-09-22,186.149994,188.300003,181.149994,186.199997,NO_PATTERN,0.0
2020-09-23,188.149994,188.949997,181.0,183.800003,CDLENGULFING_Bear,1.0
2020-09-24,181.100006,181.800003,175.5,176.350006,CDL3OUTSIDE_Bear,1.0
2020-09-25,179.0,182.75,176.149994,182.199997,NO_PATTERN,0.0
2020-09-28,184.0,188.149994,183.350006,187.25,NO_PATTERN,0.0
2020-09-29,188.5,188.949997,183.25,185.050003,NO_PATTERN,0.0
2020-09-30,185.050003,186.800003,182.399994,185.399994,NO_PATTERN,0.0
2020-10-01,187.0,191.199997,186.899994,190.300003,NO_PATTERN,0.0
2020-10-05,192.0,193.800003,187.050003,188.75,NO_PATTERN,0.0
2020-10-06,191.100006,192.100006,188.300003,191.600006,NO_PATTERN,0.0
2020-10-07,192.550003,193.149994,189.100006,190.699997,CDLHIKKAKE_Bear,2.0
2020-10-08,191.350006,195.800003,190.550003,191.5,NO_PATTERN,0.0
2020-10-09,192.0,198.800003,190.550003,198.300003,NO_PATTERN,0.0
2020-10-12,199.699997,205.949997,197.25,198.699997,NO_PATTERN,0.0
2020-10-13,198.649994,200.0,195.100006,195.699997,NO_PATTERN,0.0
2020-10-14,194.050003,200.899994,193.050003,200.050003,CDLENGULFING_Bull,1.0
2020-10-15,201.0,202.5,192.0,192.850006,CDLENGULFING_Bear,1.0
2020-10-16,194.0,196.75,191.600006,195.949997,NO_PATTERN,0.0
2020-10-19,196.199997,204.600006,196.050003,204.0,NO_PATTERN,0.0
2020-10-20,201.0,204.350006,200.699997,203.050003,NO_PATTERN,0.0
2020-10-21,204.699997,207.300003,198.850006,203.75,NO_PATTERN,0.0
2020-10-22,201.899994,204.600006,201.100006,203.300003,NO_PATTERN,0.0
2020-10-23,204.0,205.600006,201.550003,202.800003,CDLHIKKAKE_Bear,1.0
2020-10-26,202.699997,204.0,195.600006,196.699997,CDLHIKKAKE_Bear,1.0
2020-10-27,197.25,197.550003,192.25,194.649994,NO_PATTERN,0.0
2020-10-28,195.0,195.0,189.050003,190.449997,NO_PATTERN,0.0
2020-10-29,189.350006,190.699997,185.899994,188.699997,NO_PATTERN,0.0
2020-10-30,189.350006,192.0,186.149994,189.25,NO_PATTERN,0.0
2020-11-02,192.199997,197.25,190.050003,196.050003,NO_PATTERN,0.0
2020-11-03,198.0,205.800003,197.600006,204.75,NO_PATTERN,0.0
2020-11-04,203.5,209.0,198.050003,207.0,NO_PATTERN,0.0
2020-11-05,216.0,221.0,214.75,218.649994,NO_PATTERN,0.0
2020-11-06,219.0,221.850006,217.05000299999998,219.19999700000002,NO_PATTERN,0.0
2020-11-09,222.5,222.649994,217.05000299999998,219.5,NO_PATTERN,0.0
2020-11-10,223.100006,235.0,223.0,231.69999700000002,NO_PATTERN,0.0
2020-11-11,232.75,239.350006,227.75,234.19999700000002,NO_PATTERN,0.0
2020-11-12,233.19999700000002,233.350006,225.649994,226.80000299999998,CDLXSIDEGAP3METHODS_Bull,1.0
2020-11-13,225.0,230.649994,220.100006,229.44999700000002,NO_PATTERN,0.0
2020-11-14,,,,,NO_PATTERN,0.0
2020-11-17,231.850006,241.600006,231.0,240.19999700000002,NO_PATTERN,0.0
2020-11-18,239.399994,253.0,237.899994,252.0,NO_PATTERN,0.0
2020-11-19,248.0,251.80000299999998,239.0,239.75,NO_PATTERN,0.0
2020-11-20,241.5,245.399994,233.94999700000002,242.75,CDLHIKKAKE_Bull,1.0
2020-11-23,243.5,246.149994,238.100006,238.69999700000002,CDLENGULFING_Bear,1.0
2020-11-24,240.5,245.0,239.5,243.850006,NO_PATTERN,0.0
2020-11-25,245.44999700000002,249.899994,241.600006,243.0,CDLHIKKAKE_Bear,1.0
2020-11-26,244.0,246.25,240.149994,245.44999700000002,NO_PATTERN,0.0
2020-11-27,245.44999700000002,246.25,242.05000299999998,244.25,NO_PATTERN,0.0
2020-12-01,245.0,248.94999700000002,244.25,248.05000299999998,NO_PATTERN,0.0
2020-12-02,248.350006,250.850006,244.100006,246.94999700000002,NO_PATTERN,0.0
2020-12-03,249.30000299999998,259.0,248.0,256.299988,NO_PATTERN,0.0
2020-12-04,257.0,264.350006,253.55000299999998,263.5,NO_PATTERN,0.0
2020-12-07,263.799988,271.450012,263.0,269.600006,NO_PATTERN,0.0
2020-12-08,270.950012,273.700012,265.25,271.899994,NO_PATTERN,0.0
2020-12-09,272.100006,274.899994,269.200012,270.350006,CDLENGULFING_Bear,1.0
2020-12-10,269.0,271.0,265.549988,269.549988,CDL3OUTSIDE_Bear,1.0
2020-12-11,270.049988,276.25,270.049988,272.450012,NO_PATTERN,0.0
2020-12-14,274.0,276.149994,272.350006,274.200012,NO_PATTERN,0.0
2020-12-15,274.049988,274.049988,268.149994,270.649994,CDLXSIDEGAP3METHODS_Bull,2.0
2020-12-16,272.799988,273.649994,268.5,269.399994,NO_PATTERN,0.0
2020-12-17,270.0,272.149994,266.700012,267.700012,CDLHIKKAKE_Bull,1.0
2020-12-18,267.700012,271.950012,265.0,271.450012,NO_PATTERN,0.0
2020-12-21,268.450012,269.0,251.05000299999998,254.69999700000002,NO_PATTERN,0.0
2020-12-22,254.80000299999998,258.700012,248.25,257.450012,NO_PATTERN,0.0
2020-12-23,256.950012,263.899994,255.600006,263.0,NO_PATTERN,0.0
2020-12-24,265.0,268.850006,264.649994,266.850006,NO_PATTERN,0.0
2020-12-28,268.75,276.0,268.0,275.200012,NO_PATTERN,0.0
2020-12-29,276.299988,279.899994,274.700012,277.899994,NO_PATTERN,0.0
2020-12-30,278.0,278.700012,272.5,276.899994,NO_PATTERN,0.0
2020-12-31,275.0,277.25,272.600006,274.950012,NO_PATTERN,0.0
2021-01-01,274.899994,280.0,274.399994,279.399994,CDLHIKKAKE_Bear,2.0
2021-01-04,281.850006,283.899994,277.75,281.049988,CDL3OUTSIDE_Bull,1.0
2021-01-05,278.049988,282.450012,277.0,281.75,NO_PATTERN,0.0
2021-01-06,283.0,289.149994,281.399994,285.049988,NO_PATTERN,0.0
2021-01-07,289.0,291.799988,287.0,287.700012,NO_PATTERN,0.0
2021-01-08,290.100006,291.399994,285.200012,286.0,NO_PATTERN,0.0
2021-01-11,288.0,288.200012,279.600006,282.5,NO_PATTERN,0.0
2021-01-12,280.0,293.850006,277.899994,292.5,CDLENGULFING_Bull,1.0
2021-01-13,296.0,308.0,294.5,306.799988,CDL3OUTSIDE_Bull,1.0
2021-01-14,306.700012,309.25,303.799988,307.25,NO_PATTERN,0.0
2021-01-15,306.799988,310.899994,301.299988,303.850006,NO_PATTERN,0.0
2021-01-18,303.5,308.649994,292.200012,294.450012,NO_PATTERN,0.0
2021-01-19,297.649994,302.5,296.399994,298.600006,NO_PATTERN,0.0
2021-01-20,298.799988,304.700012,296.850006,302.549988,CDLHIKKAKE_Bear,1.0
2021-01-21,304.0,305.149994,291.5,294.850006,CDLHIKKAKE_Bear,2.0
2021-01-22,295.5,298.0,282.399994,283.700012,CDL3OUTSIDE_Bear,1.0
2021-01-25,284.5,288.0,277.049988,280.950012,NO_PATTERN,0.0
2021-01-27,280.200012,284.850006,272.700012,275.649994,NO_PATTERN,0.0
2021-01-28,271.899994,283.350006,269.5,282.350006,CDLENGULFING_Bull,1.0
2021-01-29,285.600006,290.649994,279.100006,282.100006,NO_PATTERN,0.0
2021-02-01,285.100006,313.899994,282.75,310.700012,NO_PATTERN,0.0
2021-02-02,315.0,337.399994,315.0,333.100006,NO_PATTERN,0.0
2021-02-03,333.75,339.899994,325.799988,335.950012,NO_PATTERN,0.0
2021-02-04,334.399994,358.0,331.100006,355.100006,NO_PATTERN,0.0
2021-02-05,387.0,408.350006,385.149994,393.100006,NO_PATTERN,0.0
2021-02-08,398.0,407.799988,394.75,397.049988,NO_PATTERN,0.0
2021-02-09,396.75,403.5,389.0,394.799988,CDLHIKKAKE_Bull,1.0
2021-02-10,394.049988,397.899994,388.0,392.25,NO_PATTERN,0.0
2021-02-11,391.799988,396.950012,388.25,390.149994,NO_PATTERN,0.0
2021-02-12,391.0,399.350006,385.549988,393.149994,CDLXSIDEGAP3METHODS_Bear,1.0
2021-02-15,397.5,409.450012,395.700012,406.950012,NO_PATTERN,0.0
2021-02-16,412.0,415.75,400.299988,402.350006,NO_PATTERN,0.0
2021-02-17,403.0,414.850006,400.149994,411.75,NO_PATTERN,0.0
2021-02-18,425.049988,427.700012,413.700012,415.200012,NO_PATTERN,0.0
2021-02-19,415.0,415.0,395.0,399.549988,NO_PATTERN,0.0
2021-02-22,400.600006,401.0,385.649994,389.5,NO_PATTERN,0.0
2021-02-23,392.0,399.700012,389.0,395.600006,NO_PATTERN,0.0
2021-02-24,397.0,410.5,395.200012,406.25,CDLHIKKAKE_Bear,1.0
2021-02-25,411.0,414.899994,406.549988,407.25,NO_PATTERN,0.0
2021-02-26,399.5,401.0,387.0,390.149994,NO_PATTERN,0.0
2021-03-01,395.100006,397.700012,391.0,394.950012,NO_PATTERN,0.0
2021-03-02,395.0,399.549988,390.549988,394.200012,NO_PATTERN,0.0
2021-03-03,396.5,408.899994,396.0,405.049988,NO_PATTERN,0.0
2021-03-04,398.700012,403.5,394.450012,395.649994,NO_PATTERN,0.0
2021-03-05,395.0,395.0,378.100006,383.649994,NO_PATTERN,0.0
2021-03-08,388.450012,393.399994,386.049988,389.600006,NO_PATTERN,0.0
2021-03-09,393.450012,394.899994,382.25,387.600006,CDLENGULFING_Bear,1.0
2021-03-10,391.100006,393.0,385.700012,387.700012,NO_PATTERN,0.0
2021-03-12,391.700012,393.200012,377.5,381.100006,NO_PATTERN,0.0
2021-03-15,382.5,386.0,369.350006,383.899994,NO_PATTERN,0.0
2021-03-16,385.600006,387.850006,376.100006,378.549988,CDLENGULFING_Bear,1.0
2021-03-17,378.200012,379.649994,366.049988,368.149994,CDL3OUTSIDE_Bear,1.0
2021-03-18,371.5,375.0,361.100006,367.100006,NO_PATTERN,0.0
2021-03-19,363.950012,372.899994,357.25,371.149994,NO_PATTERN,0.0
2021-03-22,372.0,372.799988,363.5,367.0,NO_PATTERN,0.0
2021-03-23,368.700012,377.950012,367.049988,372.700012,CDLHIKKAKE_Bear,1.0
2021-03-24,368.5,369.049988,358.649994,359.850006,CDLHIKKAKE_Bear,1.0
2021-03-25,360.0,360.850006,345.200012,355.200012,NO_PATTERN,0.0
2021-03-26,360.0,362.0,354.549988,357.200012,NO_PATTERN,0.0
2021-03-30,360.100006,364.299988,356.299988,360.799988,NO_PATTERN,0.0
2021-03-31,360.299988,367.850006,357.950012,364.299988,NO_PATTERN,0.0
2021-04-01,367.700012,371.899994,363.100006,370.649994,NO_PATTERN,0.0
2021-04-05,367.5,369.200012,349.049988,353.549988,NO_PATTERN,0.0
2021-04-06,355.700012,357.0,349.299988,350.549988,NO_PATTERN,0.0
2021-04-07,351.25,363.200012,347.600006,358.549988,NO_PATTERN,0.0
2021-04-08,361.0,363.299988,354.299988,355.600006,NO_PATTERN,0.0
2021-04-09,354.399994,364.5,351.200012,353.0,NO_PATTERN,0.0
2021-04-12,344.0,344.0,322.549988,328.850006,NO_PATTERN,0.0
2021-04-13,332.0,342.25,330.5,341.0,NO_PATTERN,0.0
2021-04-15,342.100006,347.549988,336.100006,342.700012,CDLHIKKAKE_Bear,1.0
2021-04-16,343.0,345.5,338.649994,339.899994,CDLENGULFING_Bear,1.0
2021-04-19,327.149994,332.049988,321.299988,331.149994,CDL3OUTSIDE_Bear,2.0
2021-04-20,335.100006,339.899994,326.700012,329.5,NO_PATTERN,0.0
2021-04-22,326.0,337.649994,323.299988,336.649994,CDLENGULFING_Bull,1.0
2021-04-23,331.649994,339.899994,331.649994,336.450012,NO_PATTERN,0.0
2021-04-26,339.25,347.450012,339.25,344.299988,NO_PATTERN,0.0
2021-04-27,344.0,354.950012,342.399994,353.049988,NO_PATTERN,0.0
2021-04-28,357.0,364.299988,356.049988,363.399994,NO_PATTERN,0.0
2021-04-29,365.0,369.950012,355.5,359.399994,NO_PATTERN,0.0
2021-04-30,353.450012,362.5,350.450012,353.5,NO_PATTERN,0.0
2021-05-03,349.600006,352.5,341.399994,350.600006,NO_PATTERN,0.0
2021-05-04,355.0,362.899994,350.200012,351.5,NO_PATTERN,0.0
2021-05-05,356.5,357.450012,348.0,355.399994,NO_PATTERN,0.0
2021-05-06,358.0,359.350006,350.549988,355.549988,NO_PATTERN,0.0
2021-05-07,357.5,362.0,353.0,358.25,NO_PATTERN,0.0
2021-05-10,360.5,367.0,358.799988,361.700012,NO_PATTERN,0.0
2021-05-11,356.850006,366.399994,354.75,364.649994,NO_PATTERN,0.0
2021-05-12,362.799988,373.5,361.899994,367.700012,NO_PATTERN,0.0
2021-05-14,370.0,372.5,359.549988,360.450012,CDLENGULFING_Bear,1.0
2021-05-17,364.399994,385.200012,363.649994,383.100006,NO_PATTERN,0.0
2021-05-18,390.0,392.549988,380.049988,382.25,NO_PATTERN,0.0
2021-05-19,382.0,389.5,381.200012,384.399994,NO_PATTERN,0.0
2021-05-20,387.0,387.799988,382.0,384.549988,NO_PATTERN,0.0
2021-05-21,390.0,404.399994,378.0,401.200012,NO_PATTERN,0.0
2021-05-24,417.0,419.200012,405.299988,412.049988,NO_PATTERN,0.0
2021-05-25,415.100006,415.5,408.5,412.350006,NO_PATTERN,0.0
2021-05-26,413.799988,418.75,410.799988,413.549988,CDLHIKKAKE_Bear,1.0
2021-05-27,413.700012,429.10000599999995,412.0,425.200012,NO_PATTERN,0.0
2021-05-28,430.5,433.64999400000005,420.049988,422.049988,NO_PATTERN,0.0
2021-05-31,421.0,426.0,418.0,424.35000599999995,NO_PATTERN,0.0
2021-06-01,426.049988,435.35000599999995,425.60000599999995,432.549988,NO_PATTERN,0.0
2021-06-02,430.799988,437.950012,429.14999400000005,437.25,NO_PATTERN,0.0
2021-06-03,437.0,441.950012,433.5,439.64999400000005,NO_PATTERN,0.0
2021-06-04,437.5,441.89999400000005,431.75,433.60000599999995,NO_PATTERN,0.0
2021-06-07,435.10000599999995,437.39999400000005,430.799988,432.25,NO_PATTERN,0.0
2021-06-08,432.25,432.5,424.0,427.200012,NO_PATTERN,0.0
2021-06-09,427.5,432.299988,418.200012,421.450012,NO_PATTERN,0.0
2021-06-10,424.89999400000005,433.299988,422.39999400000005,432.25,NO_PATTERN,0.0
2021-06-11,434.85000599999995,435.5,425.25,429.60000599999995,NO_PATTERN,0.0
2021-06-14,427.0,432.450012,416.700012,430.35000599999995,NO_PATTERN,0.0
2021-06-15,429.200012,432.799988,428.0,429.5,NO_PATTERN,0.0
2021-06-16,428.0,432.75,425.0,425.950012,NO_PATTERN,0.0
2021-06-17,421.0,425.950012,416.600006,420.25,NO_PATTERN,0.0
2021-06-18,423.89999400000005,423.89999400000005,402.649994,412.899994,NO_PATTERN,0.0
2021-06-21,406.350006,421.0,400.5,419.75,NO_PATTERN,0.0
2021-06-22,423.0,425.450012,417.299988,418.649994,NO_PATTERN,0.0
2021-06-23,421.10000599999995,424.75,415.0,418.850006,NO_PATTERN,0.0
2021-06-24,420.35000599999995,422.75,416.299988,417.200012,NO_PATTERN,0.0
2021-06-25,421.0,431.0,419.049988,428.799988,CDLHIKKAKE_Bear,1.0
2021-06-28,430.700012,433.14999400000005,424.549988,426.75,NO_PATTERN,0.0
2021-06-29,427.5,428.950012,420.549988,421.5,NO_PATTERN,0.0
2021-06-30,423.0,424.89999400000005,418.299988,419.200012,NO_PATTERN,0.0
2021-07-01,420.299988,423.700012,417.149994,420.39999400000005,NO_PATTERN,0.0
2021-07-02,420.299988,425.39999400000005,419.0,424.39999400000005,NO_PATTERN,0.0
2021-07-05,426.5,434.5,424.25,432.64999400000005,NO_PATTERN,0.0
2021-07-06,431.700012,436.5,428.200012,429.75,NO_PATTERN,0.0
2021-07-07,429.35000599999995,434.0,427.549988,432.85000599999995,CDLENGULFING_Bull,1.0
2021-07-08,432.799988,435.39999400000005,422.10000599999995,424.450012,NO_PATTERN,0.0
2021-07-09,425.0,427.5,421.049988,423.75,NO_PATTERN,0.0
2021-07-12,426.5,430.25,424.60000599999995,427.450012,NO_PATTERN,0.0
2021-07-13,430.0,431.799988,428.299988,429.10000599999995,NO_PATTERN,0.0
2021-07-14,429.0,432.299988,426.39999400000005,431.049988,CDLENGULFING_Bull,1.0
2021-07-15,432.700012,432.950012,429.64999400000005,431.700012,CDL3OUTSIDE_Bull,1.0
2021-07-16,432.0,432.5,427.450012,430.0,NO_PATTERN,0.0
2021-07-19,423.39999400000005,429.450012,418.850006,427.89999400000005,NO_PATTERN,0.0
2021-07-20,427.0,427.0,418.899994,420.89999400000005,NO_PATTERN,0.0
2021-07-22,425.549988,426.700012,420.89999400000005,422.049988,NO_PATTERN,0.0
2021-07-23,422.89999400000005,429.950012,419.5,428.89999400000005,NO_PATTERN,0.0
2021-07-26,427.799988,427.799988,422.299988,423.299988,NO_PATTERN,0.0
2021-07-27,424.14999400000005,433.25,424.0,429.950012,CDLHIKKAKE_Bear,1.0
2021-07-28,430.0,430.5,421.049988,425.5,NO_PATTERN,0.0
2021-07-29,426.0,443.60000599999995,425.5,441.549988,NO_PATTERN,0.0
2021-07-30,441.5,444.39999400000005,430.700012,431.799988,NO_PATTERN,0.0
2021-08-02,434.75,436.700012,431.799988,434.89999400000005,NO_PATTERN,0.0
2021-08-03,434.950012,447.89999400000005,433.60000599999995,446.5,CDLHIKKAKE_Bear,1.0
2021-08-04,448.64999400000005,467.450012,441.5,456.950012,NO_PATTERN,0.0
2021-08-05,461.0,462.5,438.39999400000005,441.85000599999995,CDLENGULFING_Bear,1.0
2021-08-06,443.700012,447.0,434.0,435.64999400000005,CDL3OUTSIDE_Bear,1.0
2021-08-09,437.89999400000005,441.799988,431.0,433.39999400000005,NO_PATTERN,0.0
2021-08-10,434.39999400000005,436.39999400000005,421.700012,426.450012,NO_PATTERN,0.0
2021-08-11,429.799988,432.89999400000005,423.14999400000005,428.049988,NO_PATTERN,0.0
2021-08-12,430.0,430.450012,425.0,427.14999400000005,NO_PATTERN,0.0
2021-08-13,427.60000599999995,432.25,425.0,431.200012,NO_PATTERN,0.0
2021-08-16,430.0,434.0,424.0,424.85000599999995,NO_PATTERN,0.0
2021-08-17,424.85000599999995,425.85000599999995,415.25,421.5,NO_PATTERN,0.0
2021-08-18,422.14999400000005,424.35000599999995,418.0,419.700012,NO_PATTERN,0.0
2021-08-20,415.0,417.350006,405.149994,406.700012,CDLHIKKAKE_Bull,1.0
2021-08-23,411.100006,413.0,401.25,409.5,NO_PATTERN,0.0
2021-08-24,409.5,418.75,408.200012,417.600006,NO_PATTERN,0.0
2021-08-25,419.0,421.299988,414.299988,416.25,NO_PATTERN,0.0
2021-08-26,414.5,415.799988,410.0,410.75,NO_PATTERN,0.0
2021-08-27,410.350006,414.350006,407.5,412.450012,NO_PATTERN,0.0
2021-08-30,414.399994,423.299988,413.5,422.700012,NO_PATTERN,0.0
2021-08-31,423.85000599999995,427.0,418.700012,426.049988,NO_PATTERN,0.0
2021-09-01,427.5,432.549988,425.14999400000005,429.89999400000005,NO_PATTERN,0.0
2021-09-02,431.39999400000005,433.5,427.75,429.75,NO_PATTERN,0.0
2021-09-03,431.25,434.299988,428.200012,431.39999400000005,NO_PATTERN,0.0
2021-09-06,432.0,433.85000599999995,430.049988,431.049988,CDLENGULFING_Bear,1.0
2021-09-07,431.049988,431.700012,425.10000599999995,429.10000599999995,CDL3OUTSIDE_Bear,2.0
2021-09-08,429.0,435.39999400000005,427.35000599999995,431.35000599999995,CDLENGULFING_Bull,1.0
2021-09-09,430.25,433.799988,430.0,432.299988,CDL3OUTSIDE_Bull,1.0
2021-09-13,430.10000599999995,433.799988,428.799988,432.85000599999995,NO_PATTERN,0.0
2021-09-14,435.0,436.75,432.25,433.0,NO_PATTERN,0.0
2021-09-15,433.0,445.0,431.450012,443.85000599999995,NO_PATTERN,0.0
2021-09-16,444.85000599999995,466.10000599999995,442.75,463.700012,NO_PATTERN,0.0
2021-09-17,468.0,471.89999400000005,450.35000599999995,454.10000599999995,NO_PATTERN,0.0
2021-09-20,449.39999400000005,453.5,435.64999400000005,437.450012,NO_PATTERN,0.0
2021-09-21,440.14999400000005,441.35000599999995,432.64999400000005,438.799988,NO_PATTERN,0.0
2021-09-22,438.89999400000005,442.799988,436.10000599999995,438.85000599999995,NO_PATTERN,0.0
2021-09-23,442.39999400000005,451.14999400000005,442.049988,449.799988,NO_PATTERN,0.0
2021-09-24,451.10000599999995,451.89999400000005,440.0,440.75,CDLENGULFING_Bear,1.0
2021-09-27,444.89999400000005,450.549988,442.25,446.60000599999995,NO_PATTERN,0.0
2021-09-28,449.200012,455.799988,439.60000599999995,444.89999400000005,NO_PATTERN,0.0
2021-09-29,441.85000599999995,462.299988,439.10000599999995,460.0,CDLENGULFING_Bull,1.0
2021-09-30,459.950012,464.89999400000005,451.39999400000005,453.0,NO_PATTERN,0.0
2021-10-01,448.5,455.549988,443.799988,451.64999400000005,NO_PATTERN,0.0
2021-10-04,453.799988,464.39999400000005,451.60000599999995,463.14999400000005,NO_PATTERN,0.0
2021-10-05,462.0,469.0,458.700012,464.700012,NO_PATTERN,0.0
2021-10-06,465.0,471.0,453.64999400000005,457.200012,CDLENGULFING_Bear,1.0
2021-10-07,462.10000599999995,464.0,457.10000599999995,457.89999400000005,NO_PATTERN,0.0
2021-10-08,461.89999400000005,464.0,454.25,458.0,NO_PATTERN,0.0
2021-10-11,460.0,474.950012,458.64999400000005,469.25,NO_PATTERN,0.0
2021-10-12,470.0,484.39999400000005,468.10000599999995,483.0,NO_PATTERN,0.0
2021-10-13,486.14999400000005,486.14999400000005,478.0,481.700012,NO_PATTERN,0.0
2021-10-14,482.0,493.89999400000005,482.0,490.60000599999995,NO_PATTERN,0.0
2021-10-18,494.0,501.0,491.700012,497.950012,NO_PATTERN,0.0
2021-10-19,500.35000599999995,504.200012,483.25,488.200012,CDLENGULFING_Bear,1.0
2021-10-20,488.799988,507.5,483.10000599999995,499.89999400000005,NO_PATTERN,0.0
2021-10-21,504.89999400000005,506.5,491.75,502.950012,NO_PATTERN,0.0
2021-10-22,504.60000599999995,508.700012,500.0,502.950012,CDLHIKKAKE_Bear,1.0
